state,year,sname,ent015ua,n1,,,,,,,
,,,,,,,,,,,
63,1996,Alabama,0.003096169,7536,,,,,,,
94,1996,Alaska,0.006203658,6213,,,,,,,
86,1996,Arizona,0.003741329,7721,,,,,,,
71,1996,Arkansas,0.002487556,7371,,,,,,,
93,1996,California,0.003541162,43644,,,,,,,
84,1996,Colorado,0.005428526,7377,,,,,,,
16,1996,Connecticut,0.003519562,5462,,,,,,,
51,1996,Delaware,0.002884509,5608,,,,,,,
53,1996,District of Co,0.002585564,5308,,,,,,,
59,1996,Florida,0.003806263,23225,,,,,,,
58,1996,Georgia,0.003948291,9457,,,,,,,
95,1996,Hawaii,0.001961422,5563,,,,,,,
82,1996,Idaho,0.003973299,7289,,,,,,,
33,1996,Illinois,0.002864141,22935,,,,,,,
32,1996,Indiana,0.002692306,7381,,,,,,,
42,1996,Iowa,0.005577304,6794,,,,,,,
47,1996,Kansas,0.004112301,6734,,,,,,,
61,1996,Kentucky,0.003435997,7284,,,,,,,
72,1996,Louisiana,0.002981217,7378,,,,,,,
11,1996,Maine,0.003661489,5872,,,,,,,
52,1996,Maryland,0.002559134,6482,,,,,,,
14,1996,Massachusetts,0.00220867,12822,,,,,,,
34,1996,Michigan,0.0020262,19371,,,,,,,
41,1996,Minnesota,0.002355378,7578,,,,,,,
64,1996,Mississippi,0.002202684,6840,,,,,,,
43,1996,Missouri,0.003447981,6601,,,,,,,
81,1996,Montana,0.004603926,6980,,,,,,,
46,1996,Nebraska,0.002223651,6650,,,,,,,
88,1996,Nevada,0.003502102,6418,,,,,,,
12,1996,New Hampshire,0.003255356,5299,,,,,,,
22,1996,New Jersey,0.001508432,16292,,,,,,,
85,1996,New Mexico,0.004641632,7399,,,,,,,
21,1996,New York,0.002798856,34213,,,,,,,
56,1996,North Carolina,0.003082403,14227,,,,,,,
44,1996,North Dakota,0.005538276,6354,,,,,,,
31,1996,Ohio,0.002419277,21042,,,,,,,
73,1996,Oklahoma,0.004420679,7871,,,,,,,
92,1996,Oregon,0.004923143,6211,,,,,,,
23,1996,Pennsylvania,0.001961463,23579,,,,,,,
15,1996,Rhode Island,0.001787845,5590,,,,,,,
57,1996,South Carolina,0.003344005,6038,,,,,,,
45,1996,South Dakota,0.003066327,6830,,,,,,,
62,1996,Tennessee,0.004923983,7123,,,,,,,
74,1996,Texas,0.003470998,25937,,,,,,,
87,1996,Utah,0.003074873,7369,,,,,,,
13,1996,Vermont,0.004044399,5357,,,,,,,
54,1996,Virginia,0.002553028,8593,,,,,,,
91,1996,Washington,0.003152101,6973,,,,,,,
55,1996,West Virginia,0.00184833,8137,,,,,,,
35,1996,Wisconsin,0.001873159,8132,,,,,,,
83,1996,Wyoming,0.00353519,6547,,,,,,,
,1997,Alabama,0.00272443,7499,,,,,,,
,1997,Alaska,0.006106132,6168,,,,,,,
,1997,Arizona,0.004299466,7745,,,,,,,
,1997,Arkansas,0.004494554,7128,,,,,,,
,1997,California,0.003432149,44032,,,,,,,
,1997,Colorado,0.002963438,7916,,,,,,,
,1997,Connecticut,0.001458458,5476,,,,,,,
,1997,Delaware,0.002365828,5392,,,,,,,
,1997,District of Co,0.00277543,5130,,,,,,,
,1997,Florida,0.003242124,23228,,,,,,,
,1997,Georgia,0.002223458,9726,,,,,,,
,1997,Hawaii,0.002112941,5447,,,,,,,
,1997,Idaho,0.004240229,7609,,,,,,,
,1997,Illinois,0.002105604,22657,,,,,,,
,1997,Indiana,0.001854816,7638,,,,,,,
,1997,Iowa,0.00314343,6767,,,,,,,
,1997,Kansas,0.002581735,6696,,,,,,,
,1997,Kentucky,0.002839849,7242,,,,,,,
,1997,Louisiana,0.003537419,7428,,,,,,,
,1997,Maine,0.002973678,5803,,,,,,,
,1997,Maryland,0.002396085,6156,,,,,,,
,1997,Massachusetts,0.001722718,13109,,,,,,,
,1997,Michigan,0.002767025,19337,,,,,,,
,1997,Minnesota,0.003100504,7569,,,,,,,
,1997,Mississippi,0.00234374,6933,,,,,,,
,1997,Missouri,0.002044698,6511,,,,,,,
,1997,Montana,0.005371888,6902,,,,,,,
,1997,Nebraska,0.005565171,6793,,,,,,,
,1997,Nevada,0.003456593,6743,,,,,,,
,1997,New Hampshire,0.001234588,5325,,,,,,,
,1997,New Jersey,0.002225093,16329,,,,,,,
,1997,New Mexico,0.005520117,7601,,,,,,,
,1997,New York,0.002588502,34417,,,,,,,
,1997,North Carolina,0.002403529,14695,,,,,,,
,1997,North Dakota,0.0049703,6362,,,,,,,
,1997,Ohio,0.002757334,20674,,,,,,,
,1997,Oklahoma,0.003259354,7899,,,,,,,
,1997,Oregon,0.003295334,6352,,,,,,,
,1997,Pennsylvania,0.001519699,22592,,,,,,,
,1997,Rhode Island,0.0014077,5573,,,,,,,
,1997,South Carolina,0.00260034,6339,,,,,,,
,1997,South Dakota,0.004565955,6656,,,,,,,
,1997,Tennessee,0.002570981,7078,,,,,,,
,1997,Texas,0.003112008,26056,,,,,,,
,1997,Utah,0.003479303,7534,,,,,,,
,1997,Vermont,0.004282636,5195,,,,,,,
,1997,Virginia,0.002960181,8488,,,,,,,
,1997,Washington,0.003008447,7091,,,,,,,
,1997,West Virginia,0.001310267,7860,,,,,,,
,1997,Wisconsin,0.002259815,7943,,,,,,,
,1997,Wyoming,0.003265456,6290,,,,,,,
,1998,Alabama,0.001234641,7473,,,,,,,
,1998,Alaska,0.005348941,5934,,,,,,,
,1998,Arizona,0.004051499,7812,,,,,,,
,1998,Arkansas,0.002388409,6996,,,,,,,
,1998,California,0.003367884,44147,,,,,,,
,1998,Colorado,0.004780105,8038,,,,,,,
,1998,Connecticut,0.00132367,5638,,,,,,,
,1998,Delaware,0.001646618,5571,,,,,,,
,1998,District of Co,0.002949269,4884,,,,,,,
,1998,Florida,0.003020958,24096,,,,,,,
,1998,Georgia,0.003225163,9720,,,,,,,
,1998,Hawaii,0.00217718,5282,,,,,,,
,1998,Idaho,0.003448231,7804,,,,,,,
,1998,Illinois,0.002454653,22495,,,,,,,
,1998,Indiana,0.00275144,7661,,,,,,,
,1998,Iowa,0.002783836,6875,,,,,,,
,1998,Kansas,0.003219334,6924,,,,,,,
,1998,Kentucky,0.002199618,7440,,,,,,,
,1998,Louisiana,0.003053438,7183,,,,,,,
,1998,Maine,0.004759985,5891,,,,,,,
,1998,Maryland,0.002605659,6037,,,,,,,
,1998,Massachusetts,0.002083066,13102,,,,,,,
,1998,Michigan,0.0025717,19448,,,,,,,
,1998,Minnesota,0.003768105,7880,,,,,,,
,1998,Mississippi,0.003416572,6746,,,,,,,
,1998,Missouri,0.003177289,6209,,,,,,,
,1998,Montana,0.005649282,6978,,,,,,,
,1998,Nebraska,0.00295495,6773,,,,,,,
,1998,Nevada,0.003724852,6999,,,,,,,
,1998,New Hampshire,0.003052093,5812,,,,,,,
,1998,New Jersey,0.002646758,16316,,,,,,,
,1998,New Mexico,0.006938742,7522,,,,,,,
,1998,New York,0.002879533,33698,,,,,,,
,1998,North Carolina,0.002974641,14273,,,,,,,
,1998,North Dakota,0.003233735,6484,,,,,,,
,1998,Ohio,0.002429741,20464,,,,,,,
,1998,Oklahoma,0.003709843,8069,,,,,,,
,1998,Oregon,0.004660049,6548,,,,,,,
,1998,Pennsylvania,0.001538586,22938,,,,,,,
,1998,Rhode Island,0.001849264,5619,,,,,,,
,1998,South Carolina,0.003113749,6284,,,,,,,
,1998,South Dakota,0.005056184,6468,,,,,,,
,1998,Tennessee,0.002888718,6988,,,,,,,
,1998,Texas,0.002519153,26280,,,,,,,
,1998,Utah,0.003011552,7278,,,,,,,
,1998,Vermont,0.003584352,5232,,,,,,,
,1998,Virginia,0.002323793,8650,,,,,,,
,1998,Washington,0.002544719,7295,,,,,,,
,1998,West Virginia,0.002510493,7500,,,,,,,
,1998,Wisconsin,0.002663145,7730,,,,,,,
,1998,Wyoming,0.004291834,6812,,,,,,,
,1999,Alabama,0.001958608,7824,,,,,,,
,1999,Alaska,0.004073136,6168,,,,,,,
,1999,Arizona,0.001785511,8228,,,,,,,
,1999,Arkansas,0.003163994,6992,,,,,,,
,1999,California,0.003580701,44424,,,,,,,
,1999,Colorado,0.004207286,8188,,,,,,,
,1999,Connecticut,0.003015378,5668,,,,,,,
,1999,Delaware,0.001281921,5364,,,,,,,
,1999,District of Co,0.001446481,4873,,,,,,,
,1999,Florida,0.002974823,24123,,,,,,,
,1999,Georgia,0.002573151,9326,,,,,,,
,1999,Hawaii,0.003007949,5164,,,,,,,
,1999,Idaho,0.004085902,7709,,,,,,,
,1999,Illinois,0.002190679,22465,,,,,,,
,1999,Indiana,0.003774993,7256,,,,,,,
,1999,Iowa,0.002462964,6714,,,,,,,
,1999,Kansas,0.002422745,6737,,,,,,,
,1999,Kentucky,0.001823333,7460,,,,,,,
,1999,Louisiana,0.003174531,7294,,,,,,,
,1999,Maine,0.002756041,5836,,,,,,,
,1999,Maryland,0.003319925,5933,,,,,,,
,1999,Massachusetts,0.001207108,13229,,,,,,,
,1999,Michigan,0.002154947,19219,,,,,,,
,1999,Minnesota,0.002442422,7859,,,,,,,
,1999,Mississippi,0.003760256,6321,,,,,,,
,1999,Missouri,0.001958481,6403,,,,,,,
,1999,Montana,0.004122701,7393,,,,,,,
,1999,Nebraska,0.002093704,6830,,,,,,,
,1999,Nevada,0.002035862,7591,,,,,,,
,1999,New Hampshire,0.002462101,5775,,,,,,,
,1999,New Jersey,0.002017932,16233,,,,,,,
,1999,New Mexico,0.004175996,7281,,,,,,,
,1999,New York,0.002876214,32471,,,,,,,
,1999,North Carolina,0.003212528,14051,,,,,,,
,1999,North Dakota,0.00395685,6545,,,,,,,
,1999,Ohio,0.002808184,20985,,,,,,,
,1999,Oklahoma,0.002867698,7868,,,,,,,
,1999,Oregon,0.004491315,6712,,,,,,,
,1999,Pennsylvania,0.001420402,22638,,,,,,,
,1999,Rhode Island,0.001355311,5800,,,,,,,
,1999,South Carolina,0.002212975,6081,,,,,,,
,1999,South Dakota,0.003365885,6719,,,,,,,
,1999,Tennessee,0.001996021,7521,,,,,,,
,1999,Texas,0.002839979,27103,,,,,,,
,1999,Utah,0.002755436,7622,,,,,,,
,1999,Vermont,0.003594727,5154,,,,,,,
,1999,Virginia,0.001677281,8654,,,,,,,
,1999,Washington,0.002936841,7276,,,,,,,
,1999,West Virginia,0.001957681,7628,,,,,,,
,1999,Wisconsin,0.001462691,7640,,,,,,,
,1999,Wyoming,0.005131672,6642,,,,,,,
,2000,Alabama,0.002276244,7975,,,,,,,
,2000,Alaska,0.006578865,6293,,,,,,,
,2000,Arizona,0.003985403,8465,,,,,,,
,2000,Arkansas,0.003396615,7149,,,,,,,
,2000,California,0.002842759,44651,,,,,,,
,2000,Colorado,0.003445108,7737,,,,,,,
,2000,Connecticut,0.001835139,5567,,,,,,,
,2000,Delaware,0.002475307,5396,,,,,,,
,2000,District of Co,0.004091029,5117,,,,,,,
,2000,Florida,0.003127132,24669,,,,,,,
,2000,Georgia,0.002693759,8931,,,,,,,
,2000,Hawaii,0.002430724,5308,,,,,,,
,2000,Idaho,0.004412287,7549,,,,,,,
,2000,Illinois,0.002372617,22898,,,,,,,
,2000,Indiana,0.00296011,7445,,,,,,,
,2000,Iowa,0.003941032,6873,,,,,,,
,2000,Kansas,0.002465979,7053,,,,,,,
,2000,Kentucky,0.001894342,7224,,,,,,,
,2000,Louisiana,0.00293873,6938,,,,,,,
,2000,Maine,0.003436778,5857,,,,,,,
,2000,Maryland,0.002853172,5998,,,,,,,
,2000,Massachusetts,0.001597554,12484,,,,,,,
,2000,Michigan,0.002477928,19052,,,,,,,
,2000,Minnesota,0.001914958,7934,,,,,,,
,2000,Mississippi,0.003834653,6211,,,,,,,
,2000,Missouri,0.002410815,6715,,,,,,,
,2000,Montana,0.00500214,7000,,,,,,,
,2000,Nebraska,0.003366006,7105,,,,,,,
,2000,Nevada,0.001977167,8124,,,,,,,
,2000,New Hampshire,0.002214058,5551,,,,,,,
,2000,New Jersey,0.00218883,16011,,,,,,,
,2000,New Mexico,0.004489484,7001,,,,,,,
,2000,New York,0.003059084,32992,,,,,,,
,2000,North Carolina,0.002956259,13762,,,,,,,
,2000,North Dakota,0.004344653,6561,,,,,,,
,2000,Ohio,0.00200118,20625,,,,,,,
,2000,Oklahoma,0.002211431,7714,,,,,,,
,2000,Oregon,0.004000682,6397,,,,,,,
,2000,Pennsylvania,0.001722664,22114,,,,,,,
,2000,Rhode Island,0.001392299,5686,,,,,,,
,2000,South Carolina,0.001935941,5951,,,,,,,
,2000,South Dakota,0.003620537,6891,,,,,,,
,2000,Tennessee,0.002495421,7533,,,,,,,
,2000,Texas,0.003301291,26987,,,,,,,
,2000,Utah,0.003485751,7297,,,,,,,
,2000,Vermont,0.003884239,5057,,,,,,,
,2000,Virginia,0.001757208,8530,,,,,,,
,2000,Washington,0.002301683,6886,,,,,,,
,2000,West Virginia,0.001793611,7635,,,,,,,
,2000,Wisconsin,0.004478705,7823,,,,,,,
,2000,Wyoming,0.004210322,6701,,,,,,,
,2001,Alabama,0.002333677,8866,,,,,,,
,2001,Alaska,0.004302217,7371,,,,,,,
,2001,Arizona,0.004578115,7906,,,,,,,
,2001,Arkansas,0.003689422,6945,,,,,,,
,2001,California,0.00276852,43193,,,,,,,
,2001,Colorado,0.004479411,9765,,,,,,,
,2001,Connecticut,0.003625305,7735,,,,,,,
,2001,Delaware,0.001310132,6755,,,,,,,
,2001,District of Co,0.002378204,5720,,,,,,,
,2001,Florida,0.002692578,24327,,,,,,,
,2001,Georgia,0.002313849,8520,,,,,,,
,2001,Hawaii,0.002540813,6570,,,,,,,
,2001,Idaho,0.004329441,7659,,,,,,,
,2001,Illinois,0.002696115,22351,,,,,,,
,2001,Indiana,0.002272129,9458,,,,,,,
,2001,Iowa,0.003234855,8800,,,,,,,
,2001,Kansas,0.003305785,8369,,,,,,,
,2001,Kentucky,0.00330149,8033,,,,,,,
,2001,Louisiana,0.001998557,6648,,,,,,,
,2001,Maine,0.002622843,8496,,,,,,,
,2001,Maryland,0.002231588,7903,,,,,,,
,2001,Massachusetts,0.001533711,12248,,,,,,,
,2001,Michigan,0.002163849,18292,,,,,,,
,2001,Minnesota,0.00197014,9841,,,,,,,
,2001,Mississippi,0.003361316,6089,,,,,,,
,2001,Missouri,0.00220122,8252,,,,,,,
,2001,Montana,0.003135642,6670,,,,,,,
,2001,Nebraska,0.003280818,8203,,,,,,,
,2001,Nevada,0.002031334,9738,,,,,,,
,2001,New Hampshire,0.002639919,8234,,,,,,,
,2001,New Jersey,0.002290134,15868,,,,,,,
,2001,New Mexico,0.003054962,6892,,,,,,,
,2001,New York,0.00260238,32085,,,,,,,
,2001,North Carolina,0.002673287,13274,,,,,,,
,2001,North Dakota,0.001837627,7579,,,,,,,
,2001,Ohio,0.002008034,20277,,,,,,,
,2001,Oklahoma,0.002857783,7625,,,,,,,
,2001,Oregon,0.00330185,8154,,,,,,,
,2001,Pennsylvania,0.001740497,22366,,,,,,,
,2001,Rhode Island,0.00138396,8244,,,,,,,
,2001,South Carolina,0.001560501,6603,,,,,,,
,2001,South Dakota,0.003629731,7919,,,,,,,
,2001,Tennessee,0.001270861,7562,,,,,,,
,2001,Texas,0.00389976,25932,,,,,,,
,2001,Utah,0.002484176,7893,,,,,,,
,2001,Vermont,0.003127271,7123,,,,,,,
,2001,Virginia,0.002049126,9928,,,,,,,
,2001,Washington,0.003506789,8752,,,,,,,
,2001,West Virginia,0.001200206,8750,,,,,,,
,2001,Wisconsin,0.002411798,10197,,,,,,,
,2001,Wyoming,0.003442845,7478,,,,,,,
,2002,Alabama,0.001922477,9645,,,,,,,
,2002,Alaska,0.004801543,8490,,,,,,,
,2002,Arizona,0.003006891,8144,,,,,,,
,2002,Arkansas,0.001812716,6957,,,,,,,
,2002,California,0.004006352,43491,,,,,,,
,2002,Colorado,0.003919742,12761,,,,,,,
,2002,Connecticut,0.001777756,10781,,,,,,,
,2002,Delaware,0.00133081,8057,,,,,,,
,2002,District of Co,0.003371376,5925,,,,,,,
,2002,Florida,0.002975038,24489,,,,,,,
,2002,Georgia,0.002174303,9014,,,,,,,
,2002,Hawaii,0.003165782,7523,,,,,,,
,2002,Idaho,0.003137153,7850,,,,,,,
,2002,Illinois,0.002436259,22228,,,,,,,
,2002,Indiana,0.002383279,11682,,,,,,,
,2002,Iowa,0.001968723,10870,,,,,,,
,2002,Kansas,0.003341129,10390,,,,,,,
,2002,Kentucky,0.002892224,8794,,,,,,,
,2002,Louisiana,0.002630827,6961,,,,,,,
,2002,Maine,0.002486737,10629,,,,,,,
,2002,Maryland,0.003538859,9599,,,,,,,
,2002,Massachusetts,0.001862166,12577,,,,,,,
,2002,Michigan,0.00252247,18003,,,,,,,
,2002,Minnesota,0.00354092,12102,,,,,,,
,2002,Mississippi,0.002069882,6244,,,,,,,
,2002,Missouri,0.002654837,9848,,,,,,,
,2002,Montana,0.004487695,6565,,,,,,,
,2002,Nebraska,0.003378816,9992,,,,,,,
,2002,Nevada,0.002666735,12610,,,,,,,
,2002,New Hampshire,0.002509149,10903,,,,,,,
,2002,New Jersey,0.002436974,15613,,,,,,,
,2002,New Mexico,0.003618493,7001,,,,,,,
,2002,New York,0.003107619,31235,,,,,,,
,2002,North Carolina,0.00374749,13265,,,,,,,
,2002,North Dakota,0.002501079,8447,,,,,,,
,2002,Ohio,0.001825562,20423,,,,,,,
,2002,Oklahoma,0.003707395,7856,,,,,,,
,2002,Oregon,0.002773813,9806,,,,,,,
,2002,Pennsylvania,0.001421025,22944,,,,,,,
,2002,Rhode Island,0.001277027,11115,,,,,,,
,2002,South Carolina,0.002643105,7819,,,,,,,
,2002,South Dakota,0.003401722,9563,,,,,,,
,2002,Tennessee,0.002853996,8153,,,,,,,
,2002,Texas,0.003595557,25627,,,,,,,
,2002,Utah,0.00297938,9018,,,,,,,
,2002,Vermont,0.002802774,9236,,,,,,,
,2002,Virginia,0.002520589,10952,,,,,,,
,2002,Washington,0.002254234,11094,,,,,,,
,2002,West Virginia,0.001508494,9864,,,,,,,
,2002,Wisconsin,0.002764573,12675,,,,,,,
,2002,Wyoming,0.003440448,8327,,,,,,,
,2003,Alabama,0.000886842,9143,,,,,,,
,2003,Alaska,0.004802406,8366,,,,,,,
,2003,Arizona,0.003250115,8354,,,,,,,
,2003,Arkansas,0.002998819,6936,,,,,,,
,2003,California,0.003785331,42114,,,,,,,
,2003,Colorado,0.003982003,12889,,,,,,,
,2003,Connecticut,0.001566652,10726,,,,,,,
,2003,Delaware,0.001701359,7986,,,,,,,
,2003,District of Co,0.002164026,5985,,,,,,,
,2003,Florida,0.002858676,24404,,,,,,,
,2003,Georgia,0.00330141,9006,,,,,,,
,2003,Hawaii,0.002411268,7462,,,,,,,
,2003,Idaho,0.003465059,7527,,,,,,,
,2003,Illinois,0.002458309,22033,,,,,,,
,2003,Indiana,0.002470374,11994,,,,,,,
,2003,Iowa,0.003411087,10652,,,,,,,
,2003,Kansas,0.002518136,10455,,,,,,,
,2003,Kentucky,0.002799982,8725,,,,,,,
,2003,Louisiana,0.003978911,6823,,,,,,,
,2003,Maine,0.002848306,10598,,,,,,,
,2003,Maryland,0.003594848,9348,,,,,,,
,2003,Massachusetts,0.00216749,12438,,,,,,,
,2003,Michigan,0.002844262,17696,,,,,,,
,2003,Minnesota,0.002656325,11756,,,,,,,
,2003,Mississippi,0.002152187,6321,,,,,,,
,2003,Missouri,0.002290836,9608,,,,,,,
,2003,Montana,0.007237336,6524,,,,,,,
,2003,Nebraska,0.00313594,9917,,,,,,,
,2003,Nevada,0.002787285,12404,,,,,,,
,2003,New Hampshire,0.002771889,11220,,,,,,,
,2003,New Jersey,0.002683877,15515,,,,,,,
,2003,New Mexico,0.005571098,6835,,,,,,,
,2003,New York,0.002501073,29360,,,,,,,
,2003,North Carolina,0.002605376,13360,,,,,,,
,2003,North Dakota,0.004202651,8353,,,,,,,
,2003,Ohio,0.002216617,19654,,,,,,,
,2003,Oklahoma,0.003040045,7514,,,,,,,
,2003,Oregon,0.003735643,10002,,,,,,,
,2003,Pennsylvania,0.002246862,22607,,,,,,,
,2003,Rhode Island,0.001993573,11365,,,,,,,
,2003,South Carolina,0.002657109,7759,,,,,,,
,2003,South Dakota,0.003245405,9144,,,,,,,
,2003,Tennessee,0.00275609,8021,,,,,,,
,2003,Texas,0.004349844,26250,,,,,,,
,2003,Utah,0.00303294,8760,,,,,,,
,2003,Vermont,0.003190307,9026,,,,,,,
,2003,Virginia,0.002585764,10425,,,,,,,
,2003,Washington,0.00331536,11242,,,,,,,
,2003,West Virginia,0.002626302,9296,,,,,,,
,2003,Wisconsin,0.002690815,12691,,,,,,,
,2003,Wyoming,0.003356942,7968,,,,,,,
,2004,Alabama,0.003019877,8574,,,,,,,
,2004,Alaska,0.004543367,8346,,,,,,,
,2004,Arizona,0.003305307,8208,,,,,,,
,2004,Arkansas,0.00407595,6834,,,,,,,
,2004,California,0.003911672,42165,,,,,,,
,2004,Colorado,0.003511111,12699,,,,,,,
,2004,Connecticut,0.002257279,11820,,,,,,,
,2004,Delaware,0.001484143,8363,,,,,,,
,2004,District of Co,0.001860993,6189,,,,,,,
,2004,Florida,0.002989487,23566,,,,,,,
,2004,Georgia,0.003744918,9948,,,,,,,
,2004,Hawaii,0.002350817,7921,,,,,,,
,2004,Idaho,0.004519494,6867,,,,,,,
,2004,Illinois,0.002654738,20552,,,,,,,
,2004,Indiana,0.002338306,11242,,,,,,,
,2004,Iowa,0.002428406,10692,,,,,,,
,2004,Kansas,0.002468838,9944,,,,,,,
,2004,Kentucky,0.00256639,8857,,,,,,,
,2004,Louisiana,0.002579556,6552,,,,,,,
,2004,Maine,0.003970032,11120,,,,,,,
,2004,Maryland,0.002908839,10622,,,,,,,
,2004,Massachusetts,0.001908203,11112,,,,,,,
,2004,Michigan,0.001913453,17035,,,,,,,
,2004,Minnesota,0.002846304,12453,,,,,,,
,2004,Mississippi,0.003834635,6367,,,,,,,
,2004,Missouri,0.002341767,9653,,,,,,,
,2004,Montana,0.005643795,6073,,,,,,,
,2004,Nebraska,0.003439793,9809,,,,,,,
,2004,Nevada,0.002567057,10624,,,,,,,
,2004,New Hampshire,0.002111015,11854,,,,,,,
,2004,New Jersey,0.002353264,14296,,,,,,,
,2004,New Mexico,0.0049969,6573,,,,,,,
,2004,New York,0.002445806,27150,,,,,,,
,2004,North Carolina,0.002558857,13177,,,,,,,
,2004,North Dakota,0.002193513,8128,,,,,,,
,2004,Ohio,0.002512763,18593,,,,,,,
,2004,Oklahoma,0.004732235,7043,,,,,,,
,2004,Oregon,0.003189894,9107,,,,,,,
,2004,Pennsylvania,0.001632706,21139,,,,,,,
,2004,Rhode Island,0.003229213,11088,,,,,,,
,2004,South Carolina,0.002375811,7962,,,,,,,
,2004,South Dakota,0.003006343,9051,,,,,,,
,2004,Tennessee,0.002552397,8177,,,,,,,
,2004,Texas,0.003678116,27019,,,,,,,
,2004,Utah,0.00339019,8276,,,,,,,
,2004,Vermont,0.004239227,8957,,,,,,,
,2004,Virginia,0.002796974,10774,,,,,,,
,2004,Washington,0.004154362,11117,,,,,,,
,2004,West Virginia,0.002025433,8765,,,,,,,
,2004,Wisconsin,0.003397258,12228,,,,,,,
,2004,Wyoming,0.004218265,8006,,,,,,,
,2005,Alabama,0.001693439,7431,,,,,,,
,2005,Alaska,0.004019877,7914,,,,,,,
,2005,Arizona,0.003162475,7849,,,,,,,
,2005,Arkansas,0.004726872,6819,,,,,,,
,2005,California,0.003201643,46674,,,,,,,
,2005,Colorado,0.005335295,12560,,,,,,,
,2005,Connecticut,0.002695249,12957,,,,,,,
,2005,Delaware,0.001556136,9041,,,,,,,
,2005,District of Co,0.002414322,6886,,,,,,,
,2005,Florida,0.002787732,24062,,,,,,,
,2005,Georgia,0.00330758,12025,,,,,,,
,2005,Hawaii,0.003366287,8702,,,,,,,
,2005,Idaho,0.004740843,6941,,,,,,,
,2005,Illinois,0.00255943,18917,,,,,,,
,2005,Indiana,0.002945218,10137,,,,,,,
,2005,Iowa,0.003385944,10997,,,,,,,
,2005,Kansas,0.002451634,8806,,,,,,,
,2005,Kentucky,0.001774935,8975,,,,,,,
,2005,Louisiana,0.003175582,5523,,,,,,,
,2005,Maine,0.003600455,11661,,,,,,,
,2005,Maryland,0.004197652,12251,,,,,,,
,2005,Massachusetts,0.002343733,9920,,,,,,,
,2005,Michigan,0.002275323,15680,,,,,,,
,2005,Minnesota,0.003119824,14202,,,,,,,
,2005,Mississippi,0.00393766,5704,,,,,,,
,2005,Missouri,0.001928437,10432,,,,,,,
,2005,Montana,0.004933396,5859,,,,,,,
,2005,Nebraska,0.002261343,9104,,,,,,,
,2005,Nevada,0.003475383,9089,,,,,,,
,2005,New Hampshire,0.002842959,12500,,,,,,,
,2005,New Jersey,0.003001364,12293,,,,,,,
,2005,New Mexico,0.004503281,5874,,,,,,,
,2005,New York,0.002792212,25482,,,,,,,
,2005,North Carolina,0.002292878,12377,,,,,,,
,2005,North Dakota,0.003161403,7270,,,,,,,
,2005,Ohio,0.002695407,17895,,,,,,,
,2005,Oklahoma,0.004111262,6994,,,,,,,
,2005,Oregon,0.003337907,8047,,,,,,,
,2005,Pennsylvania,0.001780209,19104,,,,,,,
,2005,Rhode Island,0.002379554,10658,,,,,,,
,2005,South Carolina,0.002458413,8097,,,,,,,
,2005,South Dakota,0.003116482,9083,,,,,,,
,2005,Tennessee,0.002316855,8567,,,,,,,
,2005,Texas,0.003496868,28656,,,,,,,
,2005,Utah,0.003788894,8181,,,,,,,
,2005,Vermont,0.005539191,8602,,,,,,,
,2005,Virginia,0.002163496,12619,,,,,,,
,2005,Washington,0.002321746,10984,,,,,,,
,2005,West Virginia,0.001675236,7939,,,,,,,
,2005,Wisconsin,0.002726399,11558,,,,,,,
,2005,Wyoming,0.004772984,7300,,,,,,,
,2006,Alabama,0.002528394,7017,,,,,,,
,2006,Alaska,0.002505483,7877,,,,,,,
,2006,Arizona,0.002999132,7898,,,,,,,
,2006,Arkansas,0.003736612,6386,,,,,,,
,2006,California,0.003476981,47404,,,,,,,
,2006,Colorado,0.002774008,12687,,,,,,,
,2006,Connecticut,0.002942808,12783,,,,,,,
,2006,Delaware,0.001855206,9253,,,,,,,
,2006,District of Co,0.00293565,7151,,,,,,,
,2006,Florida,0.003423816,24408,,,,,,,
,2006,Georgia,0.004369166,12841,,,,,,,
,2006,Hawaii,0.003975607,8519,,,,,,,
,2006,Idaho,0.003671224,6837,,,,,,,
,2006,Illinois,0.001830186,18200,,,,,,,
,2006,Indiana,0.002085564,9481,,,,,,,
,2006,Iowa,0.003129606,11150,,,,,,,
,2006,Kansas,0.002209248,8578,,,,,,,
,2006,Kentucky,0.002379106,8939,,,,,,,
,2006,Louisiana,0.002981197,5203,,,,,,,
,2006,Maine,0.004197534,11381,,,,,,,
,2006,Maryland,0.002655958,13158,,,,,,,
,2006,Massachusetts,0.003469901,9103,,,,,,,
,2006,Michigan,0.001645153,14675,,,,,,,
,2006,Minnesota,0.002902556,14347,,,,,,,
,2006,Mississippi,0.005165512,5402,,,,,,,
,2006,Missouri,0.002465054,10140,,,,,,,
,2006,Montana,0.006015676,5792,,,,,,,
,2006,Nebraska,0.00275015,8913,,,,,,,
,2006,Nevada,0.00333403,9466,,,,,,,
,2006,New Hampshire,0.002060234,12768,,,,,,,
,2006,New Jersey,0.002442459,12021,,,,,,,
,2006,New Mexico,0.003452225,5900,,,,,,,
,2006,New York,0.003349047,24708,,,,,,,
,2006,North Carolina,0.002021308,11909,,,,,,,
,2006,North Dakota,0.002885399,7540,,,,,,,
,2006,Ohio,0.002205465,17318,,,,,,,
,2006,Oklahoma,0.004269673,7282,,,,,,,
,2006,Oregon,0.003797024,7857,,,,,,,
,2006,Pennsylvania,0.001742193,18367,,,,,,,
,2006,Rhode Island,0.002783327,10418,,,,,,,
,2006,South Carolina,0.001787128,8265,,,,,,,
,2006,South Dakota,0.004071199,8568,,,,,,,
,2006,Tennessee,0.002540149,8212,,,,,,,
,2006,Texas,0.003025003,29239,,,,,,,
,2006,Utah,0.002883091,7799,,,,,,,
,2006,Vermont,0.003824046,8734,,,,,,,
,2006,Virginia,0.002831455,12794,,,,,,,
,2006,Washington,0.00272359,10583,,,,,,,
,2006,West Virginia,0.00193628,7677,,,,,,,
,2006,Wisconsin,0.002729252,11285,,,,,,,
,2006,Wyoming,0.003161477,7373,,,,,,,
,2007,Alabama,0.000984863,6655,,,,,,,
,2007,Alaska,0.003715214,7737,,,,,,,
,2007,Arizona,0.004582614,7782,,,,,,,
,2007,Arkansas,0.003359748,6537,,,,,,,
,2007,California,0.00396206,47449,,,,,,,
,2007,Colorado,0.003379692,12724,,,,,,,
,2007,Connecticut,0.002072759,12433,,,,,,,
,2007,Delaware,0.001365147,9208,,,,,,,
,2007,District of Co,0.004624299,7388,,,,,,,
,2007,Florida,0.003553242,22974,,,,,,,
,2007,Georgia,0.003980886,12960,,,,,,,
,2007,Hawaii,0.002149416,8708,,,,,,,
,2007,Idaho,0.004625687,6550,,,,,,,
,2007,Illinois,0.002411222,18439,,,,,,,
,2007,Indiana,0.002437776,9474,,,,,,,
,2007,Iowa,0.002639738,11279,,,,,,,
,2007,Kansas,0.002508983,8764,,,,,,,
,2007,Kentucky,0.003155702,8849,,,,,,,
,2007,Louisiana,0.004405382,5314,,,,,,,
,2007,Maine,0.002713767,11122,,,,,,,
,2007,Maryland,0.003188367,13488,,,,,,,
,2007,Massachusetts,0.002416899,8705,,,,,,,
,2007,Michigan,0.002936201,14486,,,,,,,
,2007,Minnesota,0.003116691,14602,,,,,,,
,2007,Mississippi,0.002964829,5574,,,,,,,
,2007,Missouri,0.002380018,9854,,,,,,,
,2007,Montana,0.003982372,5646,,,,,,,
,2007,Nebraska,0.003055857,8869,,,,,,,
,2007,Nevada,0.003011158,9369,,,,,,,
,2007,New Hampshire,0.002757929,12693,,,,,,,
,2007,New Jersey,0.002625939,12153,,,,,,,
,2007,New Mexico,0.002533465,5709,,,,,,,
,2007,New York,0.003467006,23960,,,,,,,
,2007,North Carolina,0.003209242,11458,,,,,,,
,2007,North Dakota,0.002455082,7354,,,,,,,
,2007,Ohio,0.001946336,16810,,,,,,,
,2007,Oklahoma,0.003445946,7191,,,,,,,
,2007,Oregon,0.003548427,8092,,,,,,,
,2007,Pennsylvania,0.001519581,18198,,,,,,,
,2007,Rhode Island,0.002146187,10162,,,,,,,
,2007,South Carolina,0.002617012,8170,,,,,,,
,2007,South Dakota,0.002913894,8292,,,,,,,
,2007,Tennessee,0.004415565,8082,,,,,,,
,2007,Texas,0.002947539,28873,,,,,,,
,2007,Utah,0.00342703,7430,,,,,,,
,2007,Vermont,0.004208243,8402,,,,,,,
,2007,Virginia,0.00216971,12512,,,,,,,
,2007,Washington,0.002167964,10731,,,,,,,
,2007,West Virginia,0.000816632,7802,,,,,,,
,2007,Wisconsin,0.002858708,11604,,,,,,,
,2007,Wyoming,0.004289796,7631,,,,,,,
,2008,Alabama,0.002096787,6657,,,,,,,
,2008,Alaska,0.004425414,7778,,,,,,,
,2008,Arizona,0.004895151,7189,,,,,,,
,2008,Arkansas,0.00388081,6449,,,,,,,
,2008,California,0.004379467,48441,,,,,,,
,2008,Colorado,0.004255557,12594,,,,,,,
,2008,Connecticut,0.003023311,12858,,,,,,,
,2008,Delaware,0.002029763,8785,,,,,,,
,2008,District of Co,0.002897366,7526,,,,,,,
,2008,Florida,0.00370993,22098,,,,,,,
,2008,Georgia,0.005945889,12462,,,,,,,
,2008,Hawaii,0.002167184,8675,,,,,,,
,2008,Idaho,0.003675212,6297,,,,,,,
,2008,Illinois,0.002571611,18243,,,,,,,
,2008,Indiana,0.002804605,9261,,,,,,,
,2008,Iowa,0.001855429,11529,,,,,,,
,2008,Kansas,0.002460796,8608,,,,,,,
,2008,Kentucky,0.003585465,8963,,,,,,,
,2008,Louisiana,0.002633447,5521,,,,,,,
,2008,Maine,0.003763113,10954,,,,,,,
,2008,Maryland,0.002327217,13529,,,,,,,
,2008,Massachusetts,0.002825991,9084,,,,,,,
,2008,Michigan,0.002802789,14059,,,,,,,
,2008,Minnesota,0.002141131,14651,,,,,,,
,2008,Mississippi,0.003589107,5543,,,,,,,
,2008,Missouri,0.001488811,9984,,,,,,,
,2008,Montana,0.005273083,5460,,,,,,,
,2008,Nebraska,0.002675383,8936,,,,,,,
,2008,Nevada,0.003805649,9027,,,,,,,
,2008,New Hampshire,0.002714872,13168,,,,,,,
,2008,New Jersey,0.002838141,12210,,,,,,,
,2008,New Mexico,0.005846826,5295,,,,,,,
,2008,New York,0.004015068,24055,,,,,,,
,2008,North Carolina,0.002334088,11828,,,,,,,
,2008,North Dakota,0.002755951,7217,,,,,,,
,2008,Ohio,0.001896806,16773,,,,,,,
,2008,Oklahoma,0.003039106,6922,,,,,,,
,2008,Oregon,0.00372173,8367,,,,,,,
,2008,Pennsylvania,0.001374725,18360,,,,,,,
,2008,Rhode Island,0.002497901,9929,,,,,,,
,2008,South Carolina,0.00254439,7933,,,,,,,
,2008,South Dakota,0.002957777,8488,,,,,,,
,2008,Tennessee,0.003301147,7822,,,,,,,
,2008,Texas,0.003727964,29232,,,,,,,
,2008,Utah,0.003972439,7334,,,,,,,
,2008,Vermont,0.002728512,8554,,,,,,,
,2008,Virginia,0.002037774,12450,,,,,,,
,2008,Washington,0.002737523,10603,,,,,,,
,2008,West Virginia,0.001729056,7501,,,,,,,
,2008,Wisconsin,0.001711966,11552,,,,,,,
,2008,Wyoming,0.002652721,7631,,,,,,,
,2009,Alabama,0.002149376,6704,,,,,,,
,2009,Alaska,0.00340382,7784,,,,,,,
,2009,Arizona,0.00456273,6865,,,,,,,
,2009,Arkansas,0.003644206,6233,,,,,,,
,2009,California,0.004092837,48940,,,,,,,
,2009,Colorado,0.003785954,12782,,,,,,,
,2009,Connecticut,0.0028575,13193,,,,,,,
,2009,Delaware,0.003002919,8865,,,,,,,
,2009,District of Co,0.003195333,7569,,,,,,,
,2009,Florida,0.004354418,22279,,,,,,,
,2009,Georgia,0.004356147,12553,,,,,,,
,2009,Hawaii,0.00268279,8831,,,,,,,
,2009,Idaho,0.004529715,6453,,,,,,,
,2009,Illinois,0.002436736,18769,,,,,,,
,2009,Indiana,0.002775352,9323,,,,,,,
,2009,Iowa,0.002317483,11430,,,,,,,
,2009,Kansas,0.002330152,8504,,,,,,,
,2009,Kentucky,0.002470012,8991,,,,,,,
,2009,Louisiana,0.004296701,5674,,,,,,,
,2009,Maine,0.003376814,11301,,,,,,,
,2009,Maryland,0.002912175,13729,,,,,,,
,2009,Massachusetts,0.003342231,9046,,,,,,,
,2009,Michigan,0.002984064,14143,,,,,,,
,2009,Minnesota,0.002206497,14992,,,,,,,
,2009,Mississippi,0.001695147,5557,,,,,,,
,2009,Missouri,0.00273786,10386,,,,,,,
,2009,Montana,0.00468951,5394,,,,,,,
,2009,Nebraska,0.001989946,9278,,,,,,,
,2009,Nevada,0.003757642,9126,,,,,,,
,2009,New Hampshire,0.002840934,13359,,,,,,,
,2009,New Jersey,0.00334708,12287,,,,,,,
,2009,New Mexico,0.00256365,5095,,,,,,,
,2009,New York,0.003438137,25087,,,,,,,
,2009,North Carolina,0.002499256,11869,,,,,,,
,2009,North Dakota,0.00318506,7249,,,,,,,
,2009,Ohio,0.002709443,17181,,,,,,,
,2009,Oklahoma,0.004717178,7133,,,,,,,
,2009,Oregon,0.003814323,8525,,,,,,,
,2009,Pennsylvania,0.002000233,17974,,,,,,,
,2009,Rhode Island,0.002436471,10055,,,,,,,
,2009,South Carolina,0.002309283,8010,,,,,,,
,2009,South Dakota,0.004273916,8771,,,,,,,
,2009,Tennessee,0.003625237,8146,,,,,,,
,2009,Texas,0.00453605,30455,,,,,,,
,2009,Utah,0.00362188,7068,,,,,,,
,2009,Vermont,0.003725068,8779,,,,,,,
,2009,Virginia,0.002699766,12635,,,,,,,
,2009,Washington,0.002403103,10424,,,,,,,
,2009,West Virginia,0.003462587,7259,,,,,,,
,2009,Wisconsin,0.002988619,11679,,,,,,,
,2009,Wyoming,0.003264063,7965,,,,,,,
,2010,Alabama,0.002475514,6786,,,,,,,
,2010,Alaska,0.00427254,7640,,,,,,,
,2010,Arizona,0.003265419,7070,,,,,,,
,2010,Arkansas,0.003742472,6212,,,,,,,
,2010,California,0.004744133,49766,,,,,,,
,2010,Colorado,0.004503283,12665,,,,,,,
,2010,Connecticut,0.002367451,13329,,,,,,,
,2010,Delaware,0.002192115,8735,,,,,,,
,2010,District of Co,0.003134355,7553,,,,,,,
,2010,Florida,0.003982846,22438,,,,,,,
,2010,Georgia,0.005097486,12946,,,,,,,
,2010,Hawaii,0.002362945,8657,,,,,,,
,2010,Idaho,0.003859957,6332,,,,,,,
,2010,Illinois,0.002589762,18859,,,,,,,
,2010,Indiana,0.001940073,9176,,,,,,,
,2010,Iowa,0.002970341,11136,,,,,,,
,2010,Kansas,0.003513844,8506,,,,,,,
,2010,Kentucky,0.002849684,9078,,,,,,,
,2010,Louisiana,0.004616648,5519,,,,,,,
,2010,Maine,0.002874646,11457,,,,,,,
,2010,Maryland,0.002445471,13692,,,,,,,
,2010,Massachusetts,0.003224626,8996,,,,,,,
,2010,Michigan,0.002468684,14295,,,,,,,
,2010,Minnesota,0.002109593,14662,,,,,,,
,2010,Mississippi,0.004361642,5644,,,,,,,
,2010,Missouri,0.002949282,10438,,,,,,,
,2010,Montana,0.003929961,5246,,,,,,,
,2010,Nebraska,0.002981725,9135,,,,,,,
,2010,Nevada,0.005139267,8833,,,,,,,
,2010,New Hampshire,0.002496969,12995,,,,,,,
,2010,New Jersey,0.002457811,12428,,,,,,,
,2010,New Mexico,0.003233732,5015,,,,,,,
,2010,New York,0.003624362,25512,,,,,,,
,2010,North Carolina,0.003540715,12020,,,,,,,
,2010,North Dakota,0.002956341,7525,,,,,,,
,2010,Ohio,0.003007586,16919,,,,,,,
,2010,Oklahoma,0.003177481,7194,,,,,,,
,2010,Oregon,0.003217712,8452,,,,,,,
,2010,Pennsylvania,0.001784814,17887,,,,,,,
,2010,Rhode Island,0.002533794,10134,,,,,,,
,2010,South Carolina,0.002320428,8012,,,,,,,
,2010,South Dakota,0.001901939,9102,,,,,,,
,2010,Tennessee,0.004115666,8154,,,,,,,
,2010,Texas,0.003993115,30971,,,,,,,
,2010,Utah,0.003656931,7057,,,,,,,
,2010,Vermont,0.004486154,8817,,,,,,,
,2010,Virginia,0.002385703,12948,,,,,,,
,2010,Washington,0.002366263,10503,,,,,,,
,2010,West Virginia,0.001672081,6903,,,,,,,
,2010,Wisconsin,0.001797006,11818,,,,,,,
,2010,Wyoming,0.00215367,8104,,,,,,,
,2011,Alabama,0.002647757,6639,,,,,,,
,2011,Alaska,0.004127528,7283,,,,,,,
,2011,Arizona,0.005216634,7161,,,,,,,
,2011,Arkansas,0.003429593,6111,,,,,,,
,2011,California,0.004398065,49579,,,,,,,
,2011,Colorado,0.004220481,12626,,,,,,,
,2011,Connecticut,0.003386532,13102,,,,,,,
,2011,Delaware,0.002691701,8924,,,,,,,
,2011,District of Co,0.002964829,7990,,,,,,,
,2011,Florida,0.003819865,21828,,,,,,,
,2011,Georgia,0.003482226,12506,,,,,,,
,2011,Hawaii,0.001840851,8555,,,,,,,
,2011,Idaho,0.003845217,6462,,,,,,,
,2011,Illinois,0.001961592,18310,,,,,,,
,2011,Indiana,0.001989717,8881,,,,,,,
,2011,Iowa,0.002355416,11501,,,,,,,
,2011,Kansas,0.002738675,8649,,,,,,,
,2011,Kentucky,0.003700347,8940,,,,,,,
,2011,Louisiana,0.003375131,5680,,,,,,,
,2011,Maine,0.003587316,10679,,,,,,,
,2011,Maryland,0.002917648,14227,,,,,,,
,2011,Massachusetts,0.002633032,8904,,,,,,,
,2011,Michigan,0.002193428,13925,,,,,,,
,2011,Minnesota,0.002252628,14629,,,,,,,
,2011,Mississippi,0.002619279,5613,,,,,,,
,2011,Missouri,0.003973651,9904,,,,,,,
,2011,Montana,0.00328345,5241,,,,,,,
,2011,Nebraska,0.002756445,9091,,,,,,,
,2011,Nevada,0.003894101,8700,,,,,,,
,2011,New Hampshire,0.002703574,12943,,,,,,,
,2011,New Jersey,0.002657266,12108,,,,,,,
,2011,New Mexico,0.002504892,4844,,,,,,,
,2011,New York,0.003713135,25460,,,,,,,
,2011,North Carolina,0.002753329,11490,,,,,,,
,2011,North Dakota,0.002787721,7225,,,,,,,
,2011,Ohio,0.002678361,16116,,,,,,,
,2011,Oklahoma,0.002072016,6851,,,,,,,
,2011,Oregon,0.002549118,8545,,,,,,,
,2011,Pennsylvania,0.001648958,17686,,,,,,,
,2011,Rhode Island,0.002203892,9723,,,,,,,
,2011,South Carolina,0.00285151,7803,,,,,,,
,2011,South Dakota,0.003221758,9028,,,,,,,
,2011,Tennessee,0.002926864,7819,,,,,,,
,2011,Texas,0.004401272,31475,,,,,,,
,2011,Utah,0.002849198,7029,,,,,,,
,2011,Vermont,0.003867956,8664,,,,,,,
,2011,Virginia,0.002028503,12987,,,,,,,
,2011,Washington,0.002342479,10377,,,,,,,
,2011,West Virginia,0.001494082,6784,,,,,,,
,2011,Wisconsin,0.002310243,11638,,,,,,,
,2011,Wyoming,0.002193047,7911,,,,,,,
,2012,Alabama,0.002295544,6551,,,,,,,
,2012,Alaska,0.00430693,7011,,,,,,,
,2012,Arizona,0.003407325,6950,,,,,,,
,2012,Arkansas,0.002771292,6274,,,,,,,
,2012,California,0.004095325,50344,,,,,,,
,2012,Colorado,0.003726144,12794,,,,,,,
,2012,Connecticut,0.003152914,12553,,,,,,,
,2012,Delaware,0.00274118,8549,,,,,,,
,2012,District of Co,0.002575101,7971,,,,,,,
,2012,Florida,0.00363864,22108,,,,,,,
,2012,Georgia,0.002692218,12099,,,,,,,
,2012,Hawaii,0.00397703,8678,,,,,,,
,2012,Idaho,0.00410435,6279,,,,,,,
,2012,Illinois,0.0021761,18462,,,,,,,
,2012,Indiana,0.002616268,8969,,,,,,,
,2012,Iowa,0.002131519,11337,,,,,,,
,2012,Kansas,0.002284839,8360,,,,,,,
,2012,Kentucky,0.003753456,9033,,,,,,,
,2012,Louisiana,0.003956375,5693,,,,,,,
,2012,Maine,0.003522718,10407,,,,,,,
,2012,Maryland,0.002515588,13699,,,,,,,
,2012,Massachusetts,0.002709795,8832,,,,,,,
,2012,Michigan,0.001836886,13857,,,,,,,
,2012,Minnesota,0.001496777,14791,,,,,,,
,2012,Mississippi,0.004252026,5476,,,,,,,
,2012,Missouri,0.003486118,9674,,,,,,,
,2012,Montana,0.005341774,5280,,,,,,,
,2012,Nebraska,0.00168372,8948,,,,,,,
,2012,Nevada,0.003940271,8707,,,,,,,
,2012,New Hampshire,0.003317287,12349,,,,,,,
,2012,New Jersey,0.002060634,11759,,,,,,,
,2012,New Mexico,0.005223895,4688,,,,,,,
,2012,New York,0.003440097,25009,,,,,,,
,2012,North Carolina,0.002618326,11394,,,,,,,
,2012,North Dakota,0.003675915,7479,,,,,,,
,2012,Ohio,0.001946554,15554,,,,,,,
,2012,Oklahoma,0.003089294,6544,,,,,,,
,2012,Oregon,0.002205723,8327,,,,,,,
,2012,Pennsylvania,0.001994651,18058,,,,,,,
,2012,Rhode Island,0.002037598,9566,,,,,,,
,2012,South Carolina,0.003585382,7977,,,,,,,
,2012,South Dakota,0.002730822,8470,,,,,,,
,2012,Tennessee,0.002414104,8015,,,,,,,
,2012,Texas,0.003593734,31444,,,,,,,
,2012,Utah,0.003254228,7314,,,,,,,
,2012,Vermont,0.005237884,8346,,,,,,,
,2012,Virginia,0.002024312,12590,,,,,,,
,2012,Washington,0.003021213,10289,,,,,,,
,2012,West Virginia,0.002123367,6807,,,,,,,
,2012,Wisconsin,0.001841648,11646,,,,,,,
,2012,Wyoming,0.002360578,7642,,,,,,,
,2013,Alabama,0.002452,6562,,,,,,,
,2013,Alaska,0.00472,6593,,,,,,,
,2013,Arizona,0.00222,6712,,,,,,,
,2013,Arkansas,0.002051,6543,,,,,,,
,2013,California,0.00403,50211,,,,,,,
,2013,Colorado,0.003784,12794,,,,,,,
,2013,Connecticut,0.002781,12255,,,,,,,
,2013,Delaware,0.00283,8571,,,,,,,
,2013,District of Columbia,0.002934,8337,,,,,,,
,2013,Florida,0.003373,21892,,,,,,,
,2013,Georgia,0.002419,12531,,,,,,,
,2013,Hawaii,0.00343,8896,,,,,,,
,2013,Idaho,0.003133,5900,,,,,,,
,2013,Illinois,0.001962,17845,,,,,,,
,2013,Indiana,0.001551,8812,,,,,,,
,2013,Iowa,0.001109,11108,,,,,,,
,2013,Kansas,0.001832,8294,,,,,,,
,2013,Kentucky,0.003585,8857,,,,,,,
,2013,Louisiana,0.003071,6100,,,,,,,
,2013,Maine,0.002948,9902,,,,,,,
,2013,Maryland,0.002655,13515,,,,,,,
,2013,Massachusetts,0.002471,8575,,,,,,,
,2013,Michigan,0.002908,13684,,,,,,,
,2013,Minnesota,0.001587,14307,,,,,,,
,2013,Mississippi,0.002399,5306,,,,,,,
,2013,Missouri,0.00218,9444,,,,,,,
,2013,Montana,0.006076,5289,,,,,,,
,2013,Nebraska,0.003116,8479,,,,,,,
,2013,Nevada,0.002332,8394,,,,,,,
,2013,New Hampshire,0.001982,12164,,,,,,,
,2013,New Jersey,0.001873,11199,,,,,,,
,2013,New Mexico,0.003396,4633,,,,,,,
,2013,New York,0.002897,23631,,,,,,,
,2013,North Carolina,0.00318,11505,,,,,,,
,2013,North Dakota,0.001908,7586,,,,,,,
,2013,Ohio,0.002006,15570,,,,,,,
,2013,Oklahoma,0.003049,6356,,,,,,,
,2013,Oregon,0.00205,8182,,,,,,,
,2013,Pennsylvania,0.001961,17841,,,,,,,
,2013,Rhode Island,0.001353,9213,,,,,,,
,2013,South Carolina,0.002584,7780,,,,,,,
,2013,South Dakota,0.004056,8380,,,,,,,
,2013,Tennessee,0.003001,7744,,,,,,,
,2013,Texas,0.00324,31243,,,,,,,
,2013,Utah,0.003216,7498,,,,,,,
,2013,Vermont,0.002591,7845,,,,,,,
,2013,Virginia,0.002369,12683,,,,,,,
,2013,Washington,0.001657,10422,,,,,,,
,2013,West Virginia,0.002753,6395,,,,,,,
,2013,Wisconsin,0.001686,11808,,,,,,,
,2013,Wyoming,0.0037,7214,,,,,,,
