Country: USA,,,,,,,,,
Variable: Job_Creation_Continuers,,,,,,,,,
Unit of Analysis: Active Establishments*,,,,,,,,,
Source: Longitudinal Business Database 1977-2012,,,,,,,,,
 *Establishment activity is defined by the existence of March 12 employment,,,,,,,,,
,,,,,,,,,
,,,,,,,,,
,           1977,Estab Size,,,,,,,
Estab Age,a) 1 to 4,b) 5 to 9,c) 10 to 19,d) 20 to 49,e) 50 to 99,f) 100 to 249,g) 250 to 499,h) 500 to 999,i) 1000+
a) 0,0,0,0,0,0,0,,,
b) 1,,,,,,,,,
c) 2,,,,,,,,,
d) 3,,,,,,,,,
e) 4,,,,,,,,,
f) 5,,,,,,,,,
g) 6 to 10,,,,,,,,,
h) 11 to 15,,,,,,,,,
i) 16 to 20,,,,,,,,,
j) 21 to 25,,,,,,,,,
k) 26+,,,,,,,,,
l) Left Censored,"2,085","3,053","4,051","5,831","4,763","3,367","3,260",604,979
m) ALL,"2,085","3,053","4,051","5,831","4,763","3,367","3,260",604,979
,           1978,Estab Size,,,,,,,
Estab Age,a) 1 to 4,b) 5 to 9,c) 10 to 19,d) 20 to 49,e) 50 to 99,f) 100 to 249,g) 250 to 499,h) 500 to 999,i) 1000+
a) 0,0,0,0,D,0,0,D,D,
b) 1,774,"1,241","1,135","1,456",761,171,D,D,
c) 2,,,,,,,,,
d) 3,,,,,,,,,
e) 4,,,,,,,,,
f) 5,,,,,,,,,
g) 6 to 10,,,,,,,,,
h) 11 to 15,,,,,,,,,
i) 16 to 20,,,,,,,,,
j) 21 to 25,,,,,,,,,
k) 26+,,,,,,,,,
l) Left Censored,"1,862","3,054","4,073",D,"3,604","4,957",D,896,766
m) ALL,"2,636","4,295","5,208","7,335","4,365","5,128","2,774","1,514",766
,           1979,Estab Size,,,,,,,
Estab Age,a) 1 to 4,b) 5 to 9,c) 10 to 19,d) 20 to 49,e) 50 to 99,f) 100 to 249,g) 250 to 499,h) 500 to 999,i) 1000+
a) 0,D,0,0,0,0,D,D,,D
b) 1,D,"1,070",894,"1,482",810,351,D,"1,047",D
c) 2,D,823,720,"1,250",D,D,,,D
d) 3,,,,,,,,,
e) 4,,,,,,,,,
f) 5,,,,,,,,,
g) 6 to 10,,,,,,,,,
h) 11 to 15,,,,,,,,,
i) 16 to 20,,,,,,,,,
j) 21 to 25,,,,,,,,,
k) 26+,,,,,,,,,
l) Left Censored,"1,398","2,538","3,582","5,177",D,"2,958",D,"1,195","6,407"
m) ALL,"2,554","4,431","5,196","7,909","5,139","3,570","2,243","2,242","6,546"
,           1980,Estab Size,,,,,,,
Estab Age,a) 1 to 4,b) 5 to 9,c) 10 to 19,d) 20 to 49,e) 50 to 99,f) 100 to 249,g) 250 to 499,h) 500 to 999,i) 1000+
a) 0,0,0,0,0,D,D,,,
b) 1,550,935,D,D,978,D,D,D,D
c) 2,322,479,D,734,299,D,D,D,"1,113"
d) 3,273,552,D,D,435,D,,,D
e) 4,,,,,,,,,
f) 5,,,,,,,,,
g) 6 to 10,,,,,,,,,
h) 11 to 15,,,,,,,,,
i) 16 to 20,,,,,,,,,
j) 21 to 25,,,,,,,,,
k) 26+,,,,,,,,,
l) Left Censored,854,"1,761","2,703",D,D,"2,832","1,726",618,864
m) ALL,"1,999","3,727","5,063","6,418","5,367","4,150","1,783",789,"1,991"
,           1981,Estab Size,,,,,,,
Estab Age,a) 1 to 4,b) 5 to 9,c) 10 to 19,d) 20 to 49,e) 50 to 99,f) 100 to 249,g) 250 to 499,h) 500 to 999,i) 1000+
a) 0,0,0,0,0,D,0,D,D,
b) 1,660,949,786,806,391,390,601,,
c) 2,310,D,678,D,102,506,D,D,D
d) 3,238,D,D,410,48,340,D,D,129
e) 4,182,D,D,D,406,38,D,,D
f) 5,,,,,,,,,
g) 6 to 10,,,,,,,,,
h) 11 to 15,,,,,,,,,
i) 16 to 20,,,,,,,,,
j) 21 to 25,,,,,,,,,
k) 26+,,,,,,,,,
l) Left Censored,702,"1,624","2,401",D,D,"3,721",684,646,"2,771"
m) ALL,"2,092","3,961","4,802","6,158","3,605","4,995","1,306",774,"3,048"
,           1982,Estab Size,,,,,,,
Estab Age,a) 1 to 4,b) 5 to 9,c) 10 to 19,d) 20 to 49,e) 50 to 99,f) 100 to 249,g) 250 to 499,h) 500 to 999,i) 1000+
a) 0,0,0,0,D,D,D,,D,
b) 1,545,D,837,738,480,861,D,D,D
c) 2,288,454,D,545,517,D,66,,D
d) 3,241,D,D,502,189,126,D,D,D
e) 4,180,277,388,D,D,649,D,D,D
f) 5,163,D,D,531,259,D,,,D
g) 6 to 10,,,,,,,,,
h) 11 to 15,,,,,,,,,
i) 16 to 20,,,,,,,,,
j) 21 to 25,,,,,,,,,
k) 26+,,,,,,,,,
l) Left Censored,830,"1,327","1,724","2,799","2,266","2,326",704,627,301
m) ALL,"2,247","3,605","4,221","5,472","4,155","4,226",909,694,"1,275"
,           1983,Estab Size,,,,,,,
Estab Age,a) 1 to 4,b) 5 to 9,c) 10 to 19,d) 20 to 49,e) 50 to 99,f) 100 to 249,g) 250 to 499,h) 500 to 999,i) 1000+
a) 0,0,0,0,0,D,D,D,,
b) 1,D,895,891,D,274,D,165,,D
c) 2,308,449,D,D,471,468,176,D,D
d) 3,273,D,D,429,204,411,D,,D
e) 4,D,D,287,520,349,29,D,,D
f) 5,160,D,230,D,188,254,D,D,D
g) 6 to 10,167,257,244,432,398,D,,,D
h) 11 to 15,,,,,,,,,
i) 16 to 20,,,,,,,,,
j) 21 to 25,,,,,,,,,
k) 26+,,,,,,,,,
l) Left Censored,688,"1,403","1,972",D,D,"1,731","1,398",475,525
m) ALL,"2,360","4,099","4,576","6,488","4,377","4,213","2,031",516,"3,202"
,           1984,Estab Size,,,,,,,
Estab Age,a) 1 to 4,b) 5 to 9,c) 10 to 19,d) 20 to 49,e) 50 to 99,f) 100 to 249,g) 250 to 499,h) 500 to 999,i) 1000+
a) 0,0,0,0,0,D,D,D,,
b) 1,693,D,D,706,388,D,236,D,
c) 2,341,D,D,D,D,258,51,D,D
d) 3,236,D,D,682,551,443,D,143,D
e) 4,219,D,373,D,292,D,D,,
f) 5,D,299,D,581,386,67,D,,D
g) 6 to 10,262,D,D,D,482,572,488,D,D
h) 11 to 15,,,,,,,,,
i) 16 to 20,,,,,,,,,
j) 21 to 25,,,,,,,,,
k) 26+,,,,,,,,,
l) Left Censored,D,"1,270","1,843",D,"2,815","1,689","1,246",577,232
m) ALL,"2,562","4,182","4,768","7,062","5,386","3,414","2,145",987,556
,           1985,Estab Size,,,,,,,
Estab Age,a) 1 to 4,b) 5 to 9,c) 10 to 19,d) 20 to 49,e) 50 to 99,f) 100 to 249,g) 250 to 499,h) 500 to 999,i) 1000+
a) 0,0,0,0,0,0,D,D,,
b) 1,519,D,D,D,500,81,D,D,
c) 2,307,499,D,D,308,D,232,D,
d) 3,277,D,D,755,385,D,292,D,D
e) 4,D,D,420,481,439,608,D,D,D
f) 5,141,D,D,D,D,D,D,,
g) 6 to 10,D,764,813,D,599,549,34,464,129
h) 11 to 15,,,,,,,,,
i) 16 to 20,,,,,,,,,
j) 21 to 25,,,,,,,,,
k) 26+,,,,,,,,,
l) Left Censored,562,"1,061","1,589",D,D,"2,392","1,609",746,304
m) ALL,"2,375","4,157","4,929","6,646","4,974","4,983","3,266","1,556",507
,           1986,Estab Size,,,,,,,
Estab Age,a) 1 to 4,b) 5 to 9,c) 10 to 19,d) 20 to 49,e) 50 to 99,f) 100 to 249,g) 250 to 499,h) 500 to 999,i) 1000+
a) 0,0,0,0,0,D,D,D,,
b) 1,637,872,715,D,D,D,,D,
c) 2,342,583,578,607,236,458,D,D,
d) 3,278,D,D,D,272,777,D,D,
e) 4,207,D,D,D,439,341,27,D,D
f) 5,159,D,D,426,506,116,114,D,D
g) 6 to 10,526,D,D,D,938,758,55,927,385
h) 11 to 15,,,,,,,,,
i) 16 to 20,,,,,,,,,
j) 21 to 25,,,,,,,,,
k) 26+,,,,,,,,,
l) Left Censored,567,"1,137",D,D,"2,463","2,937","1,176","1,085","1,620"
m) ALL,"2,716","4,842","5,258","7,621","5,309","5,695","1,397","2,049","5,381"
,           1987,Estab Size,,,,,,,
Estab Age,a) 1 to 4,b) 5 to 9,c) 10 to 19,d) 20 to 49,e) 50 to 99,f) 100 to 249,g) 250 to 499,h) 500 to 999,i) 1000+
a) 0,0,0,0,0,0,0,D,D,D
b) 1,620,D,D,D,667,590,"1,113",143,
c) 2,360,645,D,D,539,D,,D,
d) 3,214,436,382,D,D,D,766,D,
e) 4,215,349,467,641,138,357,D,D,
f) 5,183,D,506,D,437,422,D,D,D
g) 6 to 10,657,"1,282","1,673",D,D,D,76,164,424
h) 11 to 15,,,,,,,,,
i) 16 to 20,,,,,,,,,
j) 21 to 25,,,,,,,,,
k) 26+,,,,,,,,,
l) Left Censored,531,"1,050",D,"3,475","4,158",D,"1,427","1,808","1,352"
m) ALL,"2,780","5,070","6,149","8,851","7,739","7,166","3,966","2,839","1,776"
,           1988,Estab Size,,,,,,,
Estab Age,a) 1 to 4,b) 5 to 9,c) 10 to 19,d) 20 to 49,e) 50 to 99,f) 100 to 249,g) 250 to 499,h) 500 to 999,i) 1000+
a) 0,0,0,0,0,0,D,D,,
b) 1,732,D,D,"1,116",D,D,86,"2,265",D
c) 2,363,640,D,D,383,250,68,71,
d) 3,281,455,663,D,560,D,,D,
e) 4,199,D,D,322,403,123,D,D,
f) 5,155,D,362,371,256,D,D,D,
g) 6 to 10,562,"1,194",D,D,D,"1,104",699,155,727
h) 11 to 15,94,D,D,300,209,306,D,,D
i) 16 to 20,,,,,,,,,
j) 21 to 25,,,,,,,,,
k) 26+,,,,,,,,,
l) Left Censored,429,"1,020","1,490",D,D,D,"3,683",877,"1,482"
m) ALL,"2,815","5,179","6,464","7,533","6,575","5,979","4,602","3,463","2,511"
,           1989,Estab Size,,,,,,,
Estab Age,a) 1 to 4,b) 5 to 9,c) 10 to 19,d) 20 to 49,e) 50 to 99,f) 100 to 249,g) 250 to 499,h) 500 to 999,i) 1000+
a) 0,0,0,0,0,0,D,D,,D
b) 1,607,D,D,"1,320",712,515,D,D,
c) 2,397,D,D,D,607,74,98,87,125
d) 3,254,D,D,D,177,725,40,120,
e) 4,238,D,D,649,386,D,D,D,
f) 5,159,305,D,D,270,192,D,D,
g) 6 to 10,606,"1,114",D,"1,680",D,"1,058","1,142",110,344
h) 11 to 15,142,365,D,D,D,569,110,D,D
i) 16 to 20,,,,,,,,,
j) 21 to 25,,,,,,,,,
k) 26+,,,,,,,,,
l) Left Censored,360,927,"1,449","2,539","2,210","3,849","1,149",929,"1,112"
m) ALL,"2,763","5,412","7,018","8,538","6,333","7,336","2,802","1,515","1,943"
,           1990,Estab Size,,,,,,,
Estab Age,a) 1 to 4,b) 5 to 9,c) 10 to 19,d) 20 to 49,e) 50 to 99,f) 100 to 249,g) 250 to 499,h) 500 to 999,i) 1000+
a) 0,0,0,0,0,0,0,,,
b) 1,D,D,D,D,D,857,230,D,D
c) 2,D,713,D,"1,241",D,190,D,D,
d) 3,246,451,D,D,D,213,88,323,48
e) 4,201,359,D,D,230,608,287,417,
f) 5,202,D,449,D,316,110,D,D,
g) 6 to 10,567,"1,266","1,459","1,776","1,422","1,513",313,788,63
h) 11 to 15,250,D,D,D,619,436,98,D,D
i) 16 to 20,,,,,,,,,
j) 21 to 25,,,,,,,,,
k) 26+,,,,,,,,,
l) Left Censored,371,D,"1,495","2,780",D,"2,159","1,085",585,715
m) ALL,"3,027","5,342","6,979","10,471","7,576","6,086","2,137","2,453","1,893"
,           1991,Estab Size,,,,,,,
Estab Age,a) 1 to 4,b) 5 to 9,c) 10 to 19,d) 20 to 49,e) 50 to 99,f) 100 to 249,g) 250 to 499,h) 500 to 999,i) 1000+
a) 0,0,0,0,0,D,D,0,,
b) 1,791,D,"1,189","1,245",D,D,D,D,
c) 2,349,D,616,D,434,359,"1,060",D,D
d) 3,D,464,D,730,454,294,D,D,
e) 4,188,441,D,D,286,232,16,66,141
f) 5,D,D,383,458,214,371,93,D,D
g) 6 to 10,528,"1,151",D,D,773,"1,193",602,1,16
h) 11 to 15,307,D,D,852,555,748,382,54,393
i) 16 to 20,,,,,,,,,
j) 21 to 25,,,,,,,,,
k) 26+,,,,,,,,,
l) Left Censored,374,818,D,D,"1,790","2,614",890,584,"1,071"
m) ALL,"2,957","5,413","6,769","8,984","5,341","6,470","3,784",903,"1,646"
,           1992,Estab Size,,,,,,,
Estab Age,a) 1 to 4,b) 5 to 9,c) 10 to 19,d) 20 to 49,e) 50 to 99,f) 100 to 249,g) 250 to 499,h) 500 to 999,i) 1000+
a) 0,0,0,0,0,0,0,0,,
b) 1,D,"1,163",D,"1,188",301,637,221,"1,581",
c) 2,391,D,D,913,762,337,"1,440","1,607",
d) 3,D,439,658,D,609,451,164,D,D
e) 4,201,407,D,D,287,320,D,D,
f) 5,189,D,D,482,277,130,D,930,D
g) 6 to 10,550,"1,083",D,D,"1,239","1,078",311,371,650
h) 11 to 15,346,D,D,"1,319",839,"1,287",240,458,364
i) 16 to 20,,,,,,,,,
j) 21 to 25,,,,,,,,,
k) 26+,,,,,,,,,
l) Left Censored,302,D,"1,309",D,"2,123","2,023","1,409","1,201",794
m) ALL,"2,889","5,503","7,043","9,585","6,437","6,263","4,001","7,711","1,945"
,           1993,Estab Size,,,,,,,
Estab Age,a) 1 to 4,b) 5 to 9,c) 10 to 19,d) 20 to 49,e) 50 to 99,f) 100 to 249,g) 250 to 499,h) 500 to 999,i) 1000+
a) 0,0,0,0,0,0,D,D,,
b) 1,598,D,D,"1,037",517,D,D,0,
c) 2,328,D,734,"1,034",497,D,44,D,D
d) 3,D,D,485,880,325,311,14,D,D
e) 4,212,446,D,D,406,435,18,D,D
f) 5,D,329,D,605,596,98,D,D,
g) 6 to 10,501,"1,165",D,D,983,690,74,208,59
h) 11 to 15,326,D,D,925,428,539,304,479,0
i) 16 to 20,56,D,D,247,160,221,D,,D
j) 21 to 25,,,,,,,,,
k) 26+,,,,,,,,,
l) Left Censored,342,572,D,D,"1,294","1,221",845,"1,490",493
m) ALL,"2,806","5,475","5,950","8,823","5,206","4,308","1,687","2,456",912
,           1994,Estab Size,,,,,,,
Estab Age,a) 1 to 4,b) 5 to 9,c) 10 to 19,d) 20 to 49,e) 50 to 99,f) 100 to 249,g) 250 to 499,h) 500 to 999,i) 1000+
a) 0,0,0,0,0,0,D,D,D,D
b) 1,639,D,729,D,506,115,D,D,
c) 2,336,481,D,D,126,364,D,D,
d) 3,304,D,D,672,568,161,64,D,D
e) 4,276,D,D,D,354,50,25,84,
f) 5,194,D,D,D,314,295,D,,
g) 6 to 10,550,"1,056",D,D,797,669,653,690,111
h) 11 to 15,254,623,D,D,578,461,165,D,D
i) 16 to 20,82,202,270,291,196,327,92,D,D
j) 21 to 25,,,,,,,,,
k) 26+,,,,,,,,,
l) Left Censored,252,550,D,D,"1,354",D,418,279,606
m) ALL,"2,887","4,795","5,738","7,182","4,793","3,603","2,282","2,138",853
,           1995,Estab Size,,,,,,,
Estab Age,a) 1 to 4,b) 5 to 9,c) 10 to 19,d) 20 to 49,e) 50 to 99,f) 100 to 249,g) 250 to 499,h) 500 to 999,i) 1000+
a) 0,0,0,0,0,D,D,,,
b) 1,D,695,597,D,552,900,18,D,D
c) 2,D,D,336,452,294,94,D,D,
d) 3,213,372,407,213,256,59,,43,
e) 4,200,D,D,575,266,281,D,50,D
f) 5,156,278,353,370,332,145,D,D,
g) 6 to 10,513,"1,080",D,D,"1,009",D,272,0,104
h) 11 to 15,275,D,853,D,680,571,196,D,D
i) 16 to 20,110,D,323,D,D,268,85,D,D
j) 21 to 25,,,,,,,,,
k) 26+,,,,,,,,,
l) Left Censored,218,496,648,D,D,"1,588",441,187,312
m) ALL,"2,487","4,639","5,041","6,599","4,710","4,781","1,601",970,"1,590"
,           1996,Estab Size,,,,,,,
Estab Age,a) 1 to 4,b) 5 to 9,c) 10 to 19,d) 20 to 49,e) 50 to 99,f) 100 to 249,g) 250 to 499,h) 500 to 999,i) 1000+
a) 0,0,0,0,0,D,0,D,D,D
b) 1,557,D,687,D,503,953,0,,
c) 2,278,D,455,D,492,120,18,D,D
d) 3,D,D,313,385,234,269,D,D,
e) 4,D,277,D,491,209,339,D,D,
f) 5,237,D,D,396,313,254,23,D,D
g) 6 to 10,531,999,D,"1,681",D,952,292,D,D
h) 11 to 15,256,522,D,D,926,820,708,536,168
i) 16 to 20,D,340,D,489,311,401,21,D,D
j) 21 to 25,,,,,,,,,
k) 26+,,,,,,,,,
l) Left Censored,241,D,D,D,"1,057","1,296",425,584,404
m) ALL,"2,662","4,374","5,115","7,128","5,326","5,404","1,490","1,418",574
,           1997,Estab Size,,,,,,,
Estab Age,a) 1 to 4,b) 5 to 9,c) 10 to 19,d) 20 to 49,e) 50 to 99,f) 100 to 249,g) 250 to 499,h) 500 to 999,i) 1000+
a) 0,0,0,0,0,D,D,,,
b) 1,539,D,D,D,389,D,311,D,D
c) 2,278,D,D,478,539,417,339,,
d) 3,245,D,D,D,558,681,D,D,619
e) 4,164,D,D,441,177,95,D,D,
f) 5,153,D,252,D,262,158,D,D,
g) 6 to 10,624,"1,023",D,"1,910",D,"1,283",446,561,321
h) 11 to 15,320,647,D,D,826,D,374,D,D
i) 16 to 20,236,421,627,"1,073",755,671,309,D,D
j) 21 to 25,,,,,,,,,
k) 26+,,,,,,,,,
l) Left Censored,257,555,D,D,"1,375","1,690",448,467,650
m) ALL,"2,816","4,647","6,017","8,590","6,148","5,966","2,368","1,437","1,803"
,           1998,Estab Size,,,,,,,
Estab Age,a) 1 to 4,b) 5 to 9,c) 10 to 19,d) 20 to 49,e) 50 to 99,f) 100 to 249,g) 250 to 499,h) 500 to 999,i) 1000+
a) 0,D,0,0,0,0,D,D,,
b) 1,572,D,539,740,475,D,D,,
c) 2,285,456,485,766,494,113,29,D,D
d) 3,204,355,D,D,314,529,D,D,
e) 4,156,256,D,371,D,228,D,D,0
f) 5,167,264,254,463,201,72,D,D,
g) 6 to 10,505,"1,240","1,313",D,D,861,116,D,D
h) 11 to 15,291,D,D,D,560,953,136,279,8
i) 16 to 20,D,D,416,662,556,669,106,D,D
j) 21 to 25,D,75,86,208,113,121,D,,D
k) 26+,,,,,,,,,
l) Left Censored,D,D,669,"1,209","1,391",949,495,537,904
m) ALL,"2,629","4,806","5,152","7,365","5,254","4,892","1,070","1,794","1,073"
,           1999,Estab Size,,,,,,,
Estab Age,a) 1 to 4,b) 5 to 9,c) 10 to 19,d) 20 to 49,e) 50 to 99,f) 100 to 249,g) 250 to 499,h) 500 to 999,i) 1000+
a) 0,0,0,0,0,D,D,D,D,
b) 1,470,597,652,D,627,"1,149",D,D,
c) 2,311,D,D,408,161,532,D,D,
d) 3,208,393,D,455,D,273,71,D,D
e) 4,D,304,366,D,382,289,D,D,
f) 5,159,D,250,D,194,74,D,D,0
g) 6 to 10,497,944,D,D,898,D,413,154,
h) 11 to 15,267,629,D,D,623,748,267,236,59
i) 16 to 20,210,D,D,D,632,707,94,D,D
j) 21 to 25,D,113,D,116,175,182,77,D,D
k) 26+,,,,,,,,,
l) Left Censored,220,D,D,"1,241","1,105","1,364",186,179,311
m) ALL,"2,567","4,493","5,744","7,289","5,027","6,059","1,585","1,013",481
,           2000,Estab Size,,,,,,,
Estab Age,a) 1 to 4,b) 5 to 9,c) 10 to 19,d) 20 to 49,e) 50 to 99,f) 100 to 249,g) 250 to 499,h) 500 to 999,i) 1000+
a) 0,0,0,0,0,0,0,0,,
b) 1,D,640,D,788,691,311,587,D,D
c) 2,D,420,D,685,332,242,D,D,
d) 3,229,D,D,781,142,241,D,D,
e) 4,D,276,D,558,358,527,30,D,D
f) 5,140,D,D,347,336,D,D,D,
g) 6 to 10,545,992,D,D,774,"1,319",411,252,477
h) 11 to 15,349,655,D,D,"1,096",D,390,48,69
i) 16 to 20,177,408,D,D,696,561,143,D,D
j) 21 to 25,72,171,271,447,287,318,156,D,D
k) 26+,,,,,,,,,
l) Left Censored,188,D,D,D,"1,099","1,442","1,405",135,"1,043"
m) ALL,"2,681","4,712","6,139","8,315","5,811","5,664","3,401",987,"1,704"
,           2001,Estab Size,,,,,,,
Estab Age,a) 1 to 4,b) 5 to 9,c) 10 to 19,d) 20 to 49,e) 50 to 99,f) 100 to 249,g) 250 to 499,h) 500 to 999,i) 1000+
a) 0,0,0,0,0,0,D,D,D,
b) 1,D,688,820,D,499,308,624,19,
c) 2,D,D,430,449,313,510,64,D,D
d) 3,184,D,341,D,300,87,D,D,
e) 4,D,402,D,323,278,264,D,D,
f) 5,D,273,294,D,279,565,57,D,D
g) 6 to 10,454,"1,017","1,224",D,D,D,404,D,D
h) 11 to 15,319,D,D,"1,113",743,"1,319",801,747,49
i) 16 to 20,214,D,655,D,688,409,21,D,D
j) 21 to 25,109,265,342,393,398,437,102,D,D
k) 26+,,,,,,,,,
l) Left Censored,160,D,554,D,D,"1,393",675,310,978
m) ALL,"2,487","4,775","5,943","7,538","5,406","5,875","3,104","1,486","1,878"
,           2002,Estab Size,,,,,,,
Estab Age,a) 1 to 4,b) 5 to 9,c) 10 to 19,d) 20 to 49,e) 50 to 99,f) 100 to 249,g) 250 to 499,h) 500 to 999,i) 1000+
a) 0,D,0,0,D,0,D,,D,
b) 1,585,738,518,704,459,607,256,D,D
c) 2,284,450,D,D,494,441,138,7,
d) 3,188,D,303,D,263,229,171,D,D
e) 4,177,257,D,D,217,54,D,D,
f) 5,D,D,376,319,227,131,D,D,
g) 6 to 10,488,936,D,D,"1,242",D,547,51,D
h) 11 to 15,391,D,D,"1,081",891,"1,372",877,D,D
i) 16 to 20,237,423,586,"1,022",545,397,54,0,81
j) 21 to 25,207,316,445,607,613,492,205,D,D
k) 26+,,,,,,,,,
l) Left Censored,165,D,D,"1,300","1,088","2,332",719,78,710
m) ALL,"2,851","4,915","5,727","7,863","6,039","6,915","3,218","1,167","1,120"
,           2003,Estab Size,,,,,,,
Estab Age,a) 1 to 4,b) 5 to 9,c) 10 to 19,d) 20 to 49,e) 50 to 99,f) 100 to 249,g) 250 to 499,h) 500 to 999,i) 1000+
a) 0,0,0,0,D,0,D,D,,
b) 1,552,790,992,959,737,D,11,,D
c) 2,326,D,D,695,487,459,427,D,D
d) 3,251,D,D,D,335,367,547,118,
e) 4,D,D,361,519,556,364,D,247,D
f) 5,152,D,D,378,182,51,D,,D
g) 6 to 10,522,970,"1,335","1,660","1,266","1,514","1,150",D,D
h) 11 to 15,380,723,"1,070","1,351","1,205",944,309,195,
i) 16 to 20,D,D,683,"1,028",961,696,592,39,183
j) 21 to 25,166,D,D,603,649,408,336,D,D
k) 26+,26,66,86,137,178,226,D,,D
l) Left Censored,187,D,502,D,"1,134","1,732",732,451,925
m) ALL,"2,997","5,249","6,941","9,509","7,690","7,431","4,420","1,615","1,615"
,           2004,Estab Size,,,,,,,
Estab Age,a) 1 to 4,b) 5 to 9,c) 10 to 19,d) 20 to 49,e) 50 to 99,f) 100 to 249,g) 250 to 499,h) 500 to 999,i) 1000+
a) 0,0,0,0,0,0,0,,,
b) 1,664,778,810,913,475,364,908,586,
c) 2,335,596,D,D,479,481,D,,D
d) 3,231,D,D,D,371,605,8,D,D
e) 4,D,D,368,383,415,130,269,102,
f) 5,D,D,369,396,449,285,D,39,D
g) 6 to 10,550,D,D,"1,339",943,754,"1,067","1,207",493
h) 11 to 15,274,604,D,D,561,817,425,554,
i) 16 to 20,191,D,D,883,413,785,126,34,101
j) 21 to 25,D,D,365,853,457,566,824,D,D
k) 26+,D,94,151,285,104,123,157,D,D
l) Left Censored,154,304,521,819,875,"1,113",455,151,"1,137"
m) ALL,"2,948","5,058","6,456","8,001","5,542","6,023","4,760","3,347","1,731"
,           2005,Estab Size,,,,,,,
Estab Age,a) 1 to 4,b) 5 to 9,c) 10 to 19,d) 20 to 49,e) 50 to 99,f) 100 to 249,g) 250 to 499,h) 500 to 999,i) 1000+
a) 0,0,0,0,0,D,0,D,D,
b) 1,705,658,974,"1,141",540,250,D,D,
c) 2,360,D,582,D,388,456,283,8,
d) 3,249,D,D,531,D,541,D,,D
e) 4,161,D,391,D,372,412,0,D,D
f) 5,150,D,343,D,336,152,141,122,
g) 6 to 10,453,969,D,D,"1,067","1,011",541,300,211
h) 11 to 15,331,D,967,D,"1,015",405,240,D,D
i) 16 to 20,247,D,D,941,655,670,359,144,325
j) 21 to 25,154,D,D,D,598,445,579,D,D
k) 26+,100,D,166,D,317,352,159,D,D
l) Left Censored,169,D,506,D,"1,100",879,962,86,467
m) ALL,"3,079","5,004","6,352","9,198","6,812","5,573","3,292","3,387","1,389"
,           2006,Estab Size,,,,,,,
Estab Age,a) 1 to 4,b) 5 to 9,c) 10 to 19,d) 20 to 49,e) 50 to 99,f) 100 to 249,g) 250 to 499,h) 500 to 999,i) 1000+
a) 0,D,0,0,0,0,D,D,,
b) 1,646,902,623,"1,292","1,383",D,178,188,D
c) 2,316,537,474,762,397,443,48,D,D
d) 3,D,413,535,D,549,329,310,433,
e) 4,178,D,572,D,437,463,D,,D
f) 5,141,D,D,324,274,239,D,D,D
g) 6 to 10,460,D,D,"1,397","1,376","1,021",583,D,D
h) 11 to 15,279,D,D,"1,130",968,815,238,D,D
i) 16 to 20,240,D,571,D,483,409,167,111,47
j) 21 to 25,123,338,D,618,864,D,315,D,D
k) 26+,100,189,271,333,437,452,76,D,D
l) Left Censored,143,348,503,883,"1,487",700,649,259,810
m) ALL,"2,851","5,724","6,536","9,163","8,655","5,699","3,009","3,461","3,754"
,           2007,Estab Size,,,,,,,
Estab Age,a) 1 to 4,b) 5 to 9,c) 10 to 19,d) 20 to 49,e) 50 to 99,f) 100 to 249,g) 250 to 499,h) 500 to 999,i) 1000+
a) 0,D,0,0,0,D,0,0,,
b) 1,590,845,"1,039","1,238",725,664,D,D,
c) 2,315,D,D,"1,052",593,"1,006",D,80,D
d) 3,279,D,475,D,704,299,D,,D
e) 4,219,360,533,458,251,"1,142",541,90,
f) 5,183,376,D,D,346,188,D,D,
g) 6 to 10,478,"1,037",D,D,"1,552","1,083",148,D,D
h) 11 to 15,274,D,D,D,D,463,245,D,D
i) 16 to 20,211,564,D,D,734,D,172,491,"2,222"
j) 21 to 25,137,D,D,575,691,D,632,1,788
k) 26+,D,D,341,539,378,439,437,D,D
l) Left Censored,132,312,D,D,765,992,462,688,369
m) ALL,"2,944","5,897","7,459","9,693","7,425","7,656","2,965","2,185","7,604"
,           2008,Estab Size,,,,,,,
Estab Age,a) 1 to 4,b) 5 to 9,c) 10 to 19,d) 20 to 49,e) 50 to 99,f) 100 to 249,g) 250 to 499,h) 500 to 999,i) 1000+
a) 0,0,0,0,0,0,0,0,,
b) 1,561,907,757,914,325,131,D,D,
c) 2,D,D,533,691,356,302,D,D,
d) 3,253,350,392,577,496,967,959,D,D
e) 4,192,381,379,535,355,789,D,,D
f) 5,152,D,D,354,131,229,180,D,D
g) 6 to 10,532,962,D,D,D,"1,451",557,D,D
h) 11 to 15,D,593,D,957,894,316,172,D,D
i) 16 to 20,227,D,D,D,612,741,176,78,
j) 21 to 25,D,271,D,668,430,"1,107",247,31,385
k) 26+,112,D,327,625,D,365,140,D,D
l) Left Censored,D,261,D,885,622,766,319,723,709
m) ALL,"2,813","5,201","6,034","8,646","5,991","7,164","2,792","2,094","2,247"
,           2009,Estab Size,,,,,,,
Estab Age,a) 1 to 4,b) 5 to 9,c) 10 to 19,d) 20 to 49,e) 50 to 99,f) 100 to 249,g) 250 to 499,h) 500 to 999,i) 1000+
a) 0,0,0,0,0,D,D,D,,
b) 1,436,531,558,682,140,612,D,D,
c) 2,285,D,D,403,231,D,,17,D
d) 3,206,D,D,D,252,369,D,D,
e) 4,128,D,D,260,124,390,43,D,D
f) 5,140,D,D,340,162,162,D,,D
g) 6 to 10,393,786,D,865,D,673,512,D,D
h) 11 to 15,206,D,D,D,784,341,33,39,"1,456"
i) 16 to 20,157,456,409,715,270,187,510,109,
j) 21 to 25,D,273,D,574,527,269,103,16,677
k) 26+,D,D,339,635,330,399,232,D,D
l) Left Censored,117,D,D,534,494,444,894,26,261
m) ALL,"2,345","4,203","4,864","6,069","3,861","3,913","2,520",386,"2,460"
,           2010,Estab Size,,,,,,,
Estab Age,a) 1 to 4,b) 5 to 9,c) 10 to 19,d) 20 to 49,e) 50 to 99,f) 100 to 249,g) 250 to 499,h) 500 to 999,i) 1000+
a) 0,0,0,0,0,0,D,D,,
b) 1,381,475,599,824,681,D,554,D,
c) 2,D,D,446,269,352,167,D,D,
d) 3,203,339,D,D,D,179,D,0,D
e) 4,D,307,D,463,278,151,31,,
f) 5,130,217,325,290,262,148,74,D,D
g) 6 to 10,463,752,"1,206","1,245",678,658,563,D,D
h) 11 to 15,238,D,D,695,870,935,275,D,D
i) 16 to 20,148,D,D,D,D,305,131,D,D
j) 21 to 25,121,D,D,341,416,773,84,623,46
k) 26+,138,296,394,344,402,455,319,D,D
l) Left Censored,106,229,417,357,535,579,220,60,608
m) ALL,"2,306","4,111","5,614","5,821","5,235","5,014","2,251","3,329","1,133"
,           2011,Estab Size,,,,,,,
Estab Age,a) 1 to 4,b) 5 to 9,c) 10 to 19,d) 20 to 49,e) 50 to 99,f) 100 to 249,g) 250 to 499,h) 500 to 999,i) 1000+
a) 0,D,0,0,0,0,D,D,,
b) 1,305,476,608,533,602,D,408,D,
c) 2,190,D,260,D,227,643,D,D,D
d) 3,200,296,D,D,176,412,D,D,
e) 4,D,295,D,455,77,199,D,90,D
f) 5,156,D,D,472,294,114,22,,
g) 6 to 10,482,837,988,"1,595","1,093",538,607,129,133
h) 11 to 15,249,547,767,"1,022",787,"1,300",419,D,D
i) 16 to 20,163,316,531,609,450,580,141,D,D
j) 21 to 25,D,D,338,495,411,266,101,89,40
k) 26+,146,D,515,D,630,437,103,D,D
l) Left Censored,D,D,D,D,691,705,283,361,596
m) ALL,"2,280","4,061","5,267","7,215","5,438","5,984","2,126","2,031","4,517"
,           2012,Estab Size,,,,,,,
Estab Age,a) 1 to 4,b) 5 to 9,c) 10 to 19,d) 20 to 49,e) 50 to 99,f) 100 to 249,g) 250 to 499,h) 500 to 999,i) 1000+
a) 0,0,0,0,0,D,D,,D,
b) 1,348,568,516,"1,196",611,D,370,D,
c) 2,D,D,355,395,481,D,110,D,
d) 3,D,355,D,437,181,295,144,D,D
e) 4,178,D,D,553,130,D,103,D,
f) 5,211,D,D,D,D,125,,D,D
g) 6 to 10,562,"1,076",D,D,"1,103",794,579,D,D
h) 11 to 15,329,D,771,D,D,587,245,D,D
i) 16 to 20,159,383,536,651,337,387,238,D,D
j) 21 to 25,150,227,D,D,605,333,617,152,340
k) 26+,D,459,611,D,"1,002",727,413,12,400
l) Left Censored,77,D,D,697,645,505,381,223,962
m) ALL,"2,652","4,768","5,748","8,692","6,166","4,604","3,200","2,957","4,618"
