Country: USA,,,,,,,,,,,,,,,,,,,,,,,,
Unit of Analysis: Active Establishments*,,,,,,,,,,,,,,,,,,,,,,,,
Source: Longitudinal Business Database 1977-2012,,,,,,,,,,,,,,,,,,,,,,,,
    *Establishment activity is defined by the existence of March 12 employment,,,,,,,,,,,,,,,,,,,,,,,,
,,,,,,,,,,,,,,,,,,,,,,,,
,,,,,,,,,,,,,,,,,,,,,,,,
,,,,,,,,,,,,,,,,,,,,,,,,
,,1977,,,,,,,,,,,,,,,,,,,,,,
Firm Age,Firms,Estabs,Emp,Denom,Estabs_Entry,Estabs_Entry_Rate,Estabs_Exit,Estabs_Exit_Rate,Job_Creation,Job_Creation_Births,Job_Creation_Continuers,Job_Creation_Rate_Births,Job_Creation_Rate,Job_Destruction,Job_Destruction_Deaths,Job_Destruction_Continuers,Job_Destruction_Rate_Deaths,Job_Destruction_Rate,Net_Job_Creation,Net_Job_Creation_Rate,Reallocation_Rate,Firmdeath_Firms,Firmdeath_Estabs,Firmdeath_Emp
a) 0,"30,847","33,088","228,639","116,143","32,459",196.2,0,0.0,"224,993","224,993",0,193.7,193.7,0,0,0,0.0,0.0,"224,993",193.7,0.0,,,
b) 1,,,,,,,,,,,,,,,,,,,,,,,,
c) 2,,,,,,,,,,,,,,,,,,,,,,,,
d) 3,,,,,,,,,,,,,,,,,,,,,,,,
e) 4,,,,,,,,,,,,,,,,,,,,,,,,
f) 5,,,,,,,,,,,,,,,,,,,,,,,,
g) 6 to 10,,,,,,,,,,,,,,,,,,,,,,,,
h) 11 to 15,,,,,,,,,,,,,,,,,,,,,,,,
i) 16 to 20,,,,,,,,,,,,,,,,,,,,,,,,
j) 21 to 25,,,,,,,,,,,,,,,,,,,,,,,,
k) 26+,,,,,,,,,,,,,,,,,,,,,,,,
l) Left Censored,"121,120","149,000","2,189,774","2,200,060","4,359",2.7,"27,047",16.8,"397,829","95,000","302,829",4.3,18.1,"418,400","191,990","226,410",8.7,19.0,"-20,571",-0.9,36.2,"19,133","19,237","120,776"
m) ALL,"151,967","182,088","2,418,413","2,316,203","36,818",20.7,"27,047",15.2,"622,822","319,993","302,829",13.8,26.9,"418,400","191,990","226,410",8.3,18.1,"204,422",8.8,36.2,"19,133","19,237","120,776"
,,1978,,,,,,,,,,,,,,,,,,,,,,
Firm Age,Firms,Estabs,Emp,Denom,Estabs_Entry,Estabs_Entry_Rate,Estabs_Exit,Estabs_Exit_Rate,Job_Creation,Job_Creation_Births,Job_Creation_Continuers,Job_Creation_Rate_Births,Job_Creation_Rate,Job_Destruction,Job_Destruction_Deaths,Job_Destruction_Continuers,Job_Destruction_Rate_Deaths,Job_Destruction_Rate,Net_Job_Creation,Net_Job_Creation_Rate,Reallocation_Rate,Firmdeath_Firms,Firmdeath_Estabs,Firmdeath_Emp
a) 0,"29,048","29,243","163,469","82,268","28,899",197.6,0,0.0,"162,403","162,403",0,197.4,197.4,0,0,0,0.0,0.0,"162,403",197.4,0.0,,,
b) 1,"22,527","24,885","200,209","213,752",365,1.3,"8,309",28.7,"63,793","4,785","59,008",2.2,29.8,"90,879","40,165","50,714",18.8,42.5,"-27,086",-12.7,59.6,"6,444","6,459","29,598"
c) 2,,,,,,,,,,,,,,,,,,,,,,,,
d) 3,,,,,,,,,,,,,,,,,,,,,,,,
e) 4,,,,,,,,,,,,,,,,,,,,,,,,
f) 5,,,,,,,,,,,,,,,,,,,,,,,,
g) 6 to 10,,,,,,,,,,,,,,,,,,,,,,,,
h) 11 to 15,,,,,,,,,,,,,,,,,,,,,,,,
i) 16 to 20,,,,,,,,,,,,,,,,,,,,,,,,
j) 21 to 25,,,,,,,,,,,,,,,,,,,,,,,,
k) 26+,,,,,,,,,,,,,,,,,,,,,,,,
l) Left Censored,"108,133","136,642","2,199,177","2,194,343","5,790",4.1,"18,018",12.6,"393,088","73,257","319,831",3.3,17.9,"383,419","150,687","232,732",6.9,17.5,"9,669",0.4,35.0,"12,442","12,559","81,184"
m) ALL,"159,708","190,770","2,562,855","2,490,363","35,054",18.8,"26,327",14.1,"619,284","240,445","378,839",9.7,24.9,"474,298","190,852","283,446",7.7,19.0,"144,986",5.9,38.0,"18,886","19,018","110,782"
,,1979,,,,,,,,,,,,,,,,,,,,,,
Firm Age,Firms,Estabs,Emp,Denom,Estabs_Entry,Estabs_Entry_Rate,Estabs_Exit,Estabs_Exit_Rate,Job_Creation,Job_Creation_Births,Job_Creation_Continuers,Job_Creation_Rate_Births,Job_Creation_Rate,Job_Destruction,Job_Destruction_Deaths,Job_Destruction_Continuers,Job_Destruction_Rate_Deaths,Job_Destruction_Rate,Net_Job_Creation,Net_Job_Creation_Rate,Reallocation_Rate,Firmdeath_Firms,Firmdeath_Estabs,Firmdeath_Emp
a) 0,"28,782","28,995","167,648","84,149","28,813",198.7,0,0.0,"166,999","166,999",0,198.5,198.5,0,0,0,0.0,0.0,"166,999",198.5,0.0,,,
b) 1,"21,579","21,892","158,395","159,832",145,0.6,"6,938",27.1,"51,617","2,257","49,360",1.4,32.3,"54,490","32,013","22,477",20.0,34.1,"-2,873",-1.8,64.6,"5,732","5,733","27,383"
c) 2,"18,795","21,118","189,132","193,753","1,112",4.8,"4,576",19.9,"46,422","8,175","38,247",4.2,24.0,"55,663","28,739","26,924",14.8,28.7,"-9,241",-4.7,48.0,"3,494","3,498","20,888"
d) 3,,,,,,,,,,,,,,,,,,,,,,,,
e) 4,,,,,,,,,,,,,,,,,,,,,,,,
f) 5,,,,,,,,,,,,,,,,,,,,,,,,
g) 6 to 10,,,,,,,,,,,,,,,,,,,,,,,,
h) 11 to 15,,,,,,,,,,,,,,,,,,,,,,,,
i) 16 to 20,,,,,,,,,,,,,,,,,,,,,,,,
j) 21 to 25,,,,,,,,,,,,,,,,,,,,,,,,
k) 26+,,,,,,,,,,,,,,,,,,,,,,,,
l) Left Censored,"98,271","128,105","2,268,503","2,232,852","5,907",4.5,"13,842",10.5,"393,289","88,408","304,881",4.0,17.6,"321,987","122,083","199,904",5.5,14.4,"71,302",3.2,28.8,"9,495","9,597","66,384"
m) ALL,"167,427","200,110","2,783,678","2,670,586","35,977",18.4,"25,356",13.0,"658,327","265,839","392,488",10.0,24.7,"432,140","182,835","249,305",6.8,16.2,"226,187",8.5,32.4,"18,721","18,828","114,655"
,,1980,,,,,,,,,,,,,,,,,,,,,,
Firm Age,Firms,Estabs,Emp,Denom,Estabs_Entry,Estabs_Entry_Rate,Estabs_Exit,Estabs_Exit_Rate,Job_Creation,Job_Creation_Births,Job_Creation_Continuers,Job_Creation_Rate_Births,Job_Creation_Rate,Job_Destruction,Job_Destruction_Deaths,Job_Destruction_Continuers,Job_Destruction_Rate_Deaths,Job_Destruction_Rate,Net_Job_Creation,Net_Job_Creation_Rate,Reallocation_Rate,Firmdeath_Firms,Firmdeath_Estabs,Firmdeath_Emp
a) 0,"29,483","29,736","160,189","80,722","29,458",198.1,0,0.0,"158,934","158,934",0,196.9,196.9,0,0,0,0.0,0.0,"158,934",196.9,0.0,,,
b) 1,"21,418","21,773","159,734","164,679",97,0.4,"6,871",27.0,"44,358","1,446","42,912",0.9,26.9,"54,247","31,643","22,604",19.2,32.9,"-9,889",-6.0,53.8,"5,749","5,754","26,302"
c) 2,"18,018","18,400","140,019","148,647",827,4.1,"4,136",20.5,"30,770","4,558","26,212",3.1,20.7,"48,025","23,960","24,065",16.1,32.3,"-17,255",-11.6,41.4,"3,442","3,445","20,685"
d) 3,"16,388","18,731","182,621","185,473",943,4.7,"3,265",16.4,"40,089","6,158","33,931",3.3,21.6,"45,793","20,206","25,587",10.9,24.7,"-5,704",-3.1,43.2,"2,392","2,403","13,891"
e) 4,,,,,,,,,,,,,,,,,,,,,,,,
f) 5,,,,,,,,,,,,,,,,,,,,,,,,
g) 6 to 10,,,,,,,,,,,,,,,,,,,,,,,,
h) 11 to 15,,,,,,,,,,,,,,,,,,,,,,,,
i) 16 to 20,,,,,,,,,,,,,,,,,,,,,,,,
j) 21 to 25,,,,,,,,,,,,,,,,,,,,,,,,
k) 26+,,,,,,,,,,,,,,,,,,,,,,,,
l) Left Censored,"90,149","120,685","2,325,064","2,296,966","4,992",4.0,"12,074",9.7,"380,012","109,553","270,459",4.8,16.5,"323,816","112,119","211,697",4.9,14.1,"56,196",2.4,28.2,"7,917","7,963","55,364"
m) ALL,"175,456","209,325","2,967,627","2,876,487","36,317",17.7,"26,346",12.9,"654,163","280,649","373,514",9.8,22.7,"471,881","187,928","283,953",6.5,16.4,"182,282",6.3,32.8,"19,500","19,565","116,242"
,,1981,,,,,,,,,,,,,,,,,,,,,,
Firm Age,Firms,Estabs,Emp,Denom,Estabs_Entry,Estabs_Entry_Rate,Estabs_Exit,Estabs_Exit_Rate,Job_Creation,Job_Creation_Births,Job_Creation_Continuers,Job_Creation_Rate_Births,Job_Creation_Rate,Job_Destruction,Job_Destruction_Deaths,Job_Destruction_Continuers,Job_Destruction_Rate_Deaths,Job_Destruction_Rate,Net_Job_Creation,Net_Job_Creation_Rate,Reallocation_Rate,Firmdeath_Firms,Firmdeath_Estabs,Firmdeath_Emp
a) 0,"28,804","28,915","171,667","86,167","28,709",198.6,0,0.0,"171,000","171,000",0,198.5,198.5,0,0,0,0.0,0.0,"171,000",198.5,0.0,,,
b) 1,"21,609","21,884","156,085","159,153",126,0.5,"7,281",28.2,"49,335","1,856","47,479",1.2,31.0,"55,471","34,675","20,796",21.8,34.9,"-6,136",-3.9,62.0,"5,696","5,700","26,976"
c) 2,"17,375","17,778","141,494","148,785",718,3.6,"4,430",22.4,"32,802","4,606","28,196",3.1,22.0,"47,383","25,910","21,473",17.4,31.8,"-14,581",-9.8,44.0,"3,434","3,434","19,930"
d) 3,"15,069","15,485","125,977","132,371",617,3.6,"3,338",19.7,"25,815","4,652","21,163",3.5,19.5,"38,603","18,039","20,564",13.6,29.2,"-12,788",-9.7,39.0,"2,541","2,541","13,269"
e) 4,"13,903","15,911","163,699","172,517",717,4.1,"3,359",19.4,"31,719","5,862","25,857",3.4,18.4,"49,354","22,746","26,608",13.2,28.6,"-17,635",-10.2,36.8,"1,964","1,982","12,266"
f) 5,,,,,,,,,,,,,,,,,,,,,,,,
g) 6 to 10,,,,,,,,,,,,,,,,,,,,,,,,
h) 11 to 15,,,,,,,,,,,,,,,,,,,,,,,,
i) 16 to 20,,,,,,,,,,,,,,,,,,,,,,,,
j) 21 to 25,,,,,,,,,,,,,,,,,,,,,,,,
k) 26+,,,,,,,,,,,,,,,,,,,,,,,,
l) Left Censored,"81,469","112,442","2,321,567","2,317,446","5,275",4.5,"12,991",11.2,"382,656","98,448","284,208",4.2,16.5,"374,414","131,891","242,523",5.7,16.2,"8,242",0.3,32.4,"6,980","7,050","48,292"
m) ALL,"178,229","212,415","3,080,489","3,016,439","36,162",17.2,"31,399",14.9,"693,327","286,424","406,903",9.5,23.0,"565,225","233,261","331,964",7.7,18.7,"128,102",4.3,37.4,"20,615","20,707","120,733"
,,1982,,,,,,,,,,,,,,,,,,,,,,
Firm Age,Firms,Estabs,Emp,Denom,Estabs_Entry,Estabs_Entry_Rate,Estabs_Exit,Estabs_Exit_Rate,Job_Creation,Job_Creation_Births,Job_Creation_Continuers,Job_Creation_Rate_Births,Job_Creation_Rate,Job_Destruction,Job_Destruction_Deaths,Job_Destruction_Continuers,Job_Destruction_Rate_Deaths,Job_Destruction_Rate,Net_Job_Creation,Net_Job_Creation_Rate,Reallocation_Rate,Firmdeath_Firms,Firmdeath_Estabs,Firmdeath_Emp
a) 0,"29,715","30,397","187,278","94,237","30,213",198.8,0,0.0,"186,082","186,082",0,197.5,197.5,0,0,0,0.0,0.0,"186,082",197.5,0.0,,,
b) 1,"21,657","22,223","159,903","168,092",397,1.5,"6,547",25.5,"42,891","3,825","39,066",2.3,25.5,"59,269","31,541","27,728",18.8,35.3,"-16,378",-9.8,51.0,"4,560","4,560","22,002"
c) 2,"17,864","18,380","131,156","141,194","1,140",5.7,"4,278",21.3,"31,395","7,364","24,031",5.2,22.2,"51,471","23,934","27,537",17.0,36.5,"-20,076",-14.3,44.4,"2,726","2,726","16,691"
d) 3,"14,932","15,687","125,602","133,443","1,099",6.6,"3,012",18.0,"27,464","8,789","18,675",6.6,20.6,"43,146","19,167","23,979",14.4,32.3,"-15,682",-11.7,41.2,"1,939","1,939","12,178"
e) 4,"13,051","13,891","111,936","119,049",925,6.3,"2,414",16.4,"22,813","7,241","15,572",6.1,19.2,"37,039","16,858","20,181",14.2,31.1,"-14,226",-11.9,38.4,"1,461","1,461","11,399"
f) 5,"12,476","14,882","154,865","159,401","1,166",7.6,"2,069",13.4,"31,624","11,547","20,077",7.2,19.8,"40,695","14,281","26,414",9.0,25.5,"-9,071",-5.7,39.6,"1,132","1,133","7,486"
g) 6 to 10,,,,,,,,,,,,,,,,,,,,,,,,
h) 11 to 15,,,,,,,,,,,,,,,,,,,,,,,,
i) 16 to 20,,,,,,,,,,,,,,,,,,,,,,,,
j) 21 to 25,,,,,,,,,,,,,,,,,,,,,,,,
k) 26+,,,,,,,,,,,,,,,,,,,,,,,,
l) Left Censored,"75,833","109,499","2,269,769","2,293,732","6,967",6.3,"9,517",8.6,"339,507","105,447","234,060",4.6,14.8,"387,435","102,175","285,260",4.5,16.9,"-47,928",-2.1,29.6,"4,719","4,744","38,195"
m) ALL,"185,528","224,959","3,140,509","3,109,148","41,907",19.1,"27,837",12.7,"681,776","330,295","351,481",10.6,21.9,"619,055","207,956","411,099",6.7,19.9,"62,721",2.0,39.8,"16,537","16,563","107,951"
,,1983,,,,,,,,,,,,,,,,,,,,,,
Firm Age,Firms,Estabs,Emp,Denom,Estabs_Entry,Estabs_Entry_Rate,Estabs_Exit,Estabs_Exit_Rate,Job_Creation,Job_Creation_Births,Job_Creation_Continuers,Job_Creation_Rate_Births,Job_Creation_Rate,Job_Destruction,Job_Destruction_Deaths,Job_Destruction_Continuers,Job_Destruction_Rate_Deaths,Job_Destruction_Rate,Net_Job_Creation,Net_Job_Creation_Rate,Reallocation_Rate,Firmdeath_Firms,Firmdeath_Estabs,Firmdeath_Emp
a) 0,"29,208","29,511","157,523","79,600","29,015",196.6,0,0.0,"155,846","155,846",0,195.8,195.8,0,0,0,0.0,0.0,"155,846",195.8,0.0,,,
b) 1,"21,819","22,496","167,773","177,954",123,0.5,"7,678",29.0,"45,250","3,438","41,812",1.9,25.4,"65,614","36,897","28,717",20.7,36.9,"-20,364",-11.5,50.8,"5,628","5,639","26,986"
c) 2,"17,880","18,503","141,882","150,169",729,3.6,"4,409",21.7,"30,460","4,840","25,620",3.2,20.3,"47,034","25,831","21,203",17.2,31.3,"-16,574",-11.0,40.6,"3,200","3,200","19,082"
d) 3,"14,851","15,308","112,485","121,691",511,3.0,"3,658",21.8,"21,192","2,574","18,618",2.1,17.4,"39,604","21,048","18,556",17.3,32.5,"-18,412",-15.1,34.8,"2,325","2,327","13,428"
e) 4,"12,510","13,200","113,058","119,493",442,3.1,"3,042",21.1,"21,774","3,348","18,426",2.8,18.2,"34,644","19,043","15,601",15.9,29.0,"-12,870",-10.8,36.4,"1,758","1,759","10,668"
f) 5,"11,722","12,559","102,648","107,322",440,3.3,"1,937",14.7,"18,870","2,651","16,219",2.5,17.6,"28,217","12,322","15,895",11.5,26.3,"-9,347",-8.7,35.2,"1,274","1,274","7,727"
g) 6 to 10,"11,446","13,965","149,166","153,814",693,4.8,"1,808",12.5,"25,061","6,122","18,939",4.0,16.3,"34,356","13,546","20,810",8.8,22.3,"-9,295",-6.0,32.6,"1,058","1,073","6,194"
h) 11 to 15,,,,,,,,,,,,,,,,,,,,,,,,
i) 16 to 20,,,,,,,,,,,,,,,,,,,,,,,,
j) 21 to 25,,,,,,,,,,,,,,,,,,,,,,,,
k) 26+,,,,,,,,,,,,,,,,,,,,,,,,
l) Left Censored,"71,078","105,442","2,200,914","2,229,701","4,877",4.5,"9,498",8.8,"310,779","96,960","213,819",4.3,13.9,"368,354","104,970","263,384",4.7,16.5,"-57,575",-2.6,27.8,"4,595","4,647","33,535"
m) ALL,"190,514","230,984","3,145,449","3,139,744","36,830",16.2,"32,030",14.1,"629,232","275,779","353,453",8.8,20.0,"617,823","233,657","384,166",7.4,19.7,"11,409",0.3,39.4,"19,838","19,919","117,620"
,,1984,,,,,,,,,,,,,,,,,,,,,,
Firm Age,Firms,Estabs,Emp,Denom,Estabs_Entry,Estabs_Entry_Rate,Estabs_Exit,Estabs_Exit_Rate,Job_Creation,Job_Creation_Births,Job_Creation_Continuers,Job_Creation_Rate_Births,Job_Creation_Rate,Job_Destruction,Job_Destruction_Deaths,Job_Destruction_Continuers,Job_Destruction_Rate_Deaths,Job_Destruction_Rate,Net_Job_Creation,Net_Job_Creation_Rate,Reallocation_Rate,Firmdeath_Firms,Firmdeath_Estabs,Firmdeath_Emp
a) 0,"33,251","33,445","188,325","94,369","33,297",199.1,0,0.0,"187,912","187,912",0,199.1,199.1,0,0,0,0.0,0.0,"187,912",199.1,0.0,,,
b) 1,"22,286","22,690","164,240","160,401",153,0.6,"6,725",25.8,"55,873","2,409","53,464",1.5,34.8,"48,194","28,480","19,714",17.8,30.0,"7,679",4.8,60.0,"5,199","5,200","22,819"
c) 2,"18,594","19,245","165,680","165,932","1,064",5.1,"4,203",20.1,"42,546","6,574","35,972",4.0,25.6,"43,050","22,551","20,499",13.6,25.9,-504,-0.3,51.2,"3,245","3,269","17,897"
d) 3,"15,918","16,560","151,558","147,380",904,5.2,"2,854",16.3,"38,477","6,943","31,534",4.7,26.1,"30,120","15,407","14,713",10.5,20.4,"8,357",5.7,40.8,"2,187","2,189","11,951"
e) 4,"13,764","14,222","119,036","115,822","1,154",7.8,"2,289",15.5,"31,793","7,950","23,843",6.9,27.4,"25,365","13,182","12,183",11.4,21.9,"6,428",5.5,43.8,"1,738","1,740","10,324"
f) 5,"11,969","12,645","120,671","116,771","1,124",8.7,"1,705",13.2,"30,974","8,316","22,658",7.1,26.5,"23,174","10,118","13,056",8.7,19.8,"7,800",6.7,39.6,"1,240","1,244","7,359"
g) 6 to 10,"21,632","25,045","255,939","251,922","1,380",5.4,"2,899",11.2,"54,481","11,117","43,364",4.4,21.6,"46,446","17,728","28,718",7.0,18.4,"8,035",3.2,36.8,"1,882","1,887","10,687"
h) 11 to 15,,,,,,,,,,,,,,,,,,,,,,,,
i) 16 to 20,,,,,,,,,,,,,,,,,,,,,,,,
j) 21 to 25,,,,,,,,,,,,,,,,,,,,,,,,
k) 26+,,,,,,,,,,,,,,,,,,,,,,,,
l) Left Censored,"67,588","103,282","2,331,039","2,270,162","5,738",5.5,"7,995",7.7,"398,172","126,030","272,142",5.6,17.5,"276,419","89,440","186,979",3.9,12.2,"121,753",5.3,24.4,"4,076","4,144","27,429"
m) ALL,"205,002","247,134","3,496,488","3,322,759","44,814",18.7,"28,670",12.0,"840,228","357,251","482,977",10.8,25.3,"492,768","196,906","295,862",5.9,14.8,"347,460",10.5,29.6,"19,567","19,673","108,466"
,,1985,,,,,,,,,,,,,,,,,,,,,,
Firm Age,Firms,Estabs,Emp,Denom,Estabs_Entry,Estabs_Entry_Rate,Estabs_Exit,Estabs_Exit_Rate,Job_Creation,Job_Creation_Births,Job_Creation_Continuers,Job_Creation_Rate_Births,Job_Creation_Rate,Job_Destruction,Job_Destruction_Deaths,Job_Destruction_Continuers,Job_Destruction_Rate_Deaths,Job_Destruction_Rate,Net_Job_Creation,Net_Job_Creation_Rate,Reallocation_Rate,Firmdeath_Firms,Firmdeath_Estabs,Firmdeath_Emp
a) 0,"34,766","35,113","196,292","98,410","34,942",199.0,0,0.0,"195,764","195,764",0,198.9,198.9,0,0,0,0.0,0.0,"195,764",198.9,0.0,,,
b) 1,"25,517","25,809","203,813","201,914",120,0.4,"7,395",24.9,"66,215","3,231","62,984",1.6,32.8,"62,417","34,763","27,654",17.2,30.9,"3,798",1.9,61.8,"5,582","5,582","26,970"
c) 2,"18,339","18,756","160,229","161,908",851,4.1,"4,563",22.0,"46,211","5,322","40,889",3.3,28.5,"49,569","25,993","23,576",16.1,30.6,"-3,358",-2.1,57.0,"3,622","3,630","20,724"
d) 3,"16,159","16,778","154,367","159,723",673,3.7,"3,117",17.3,"31,836","3,740","28,096",2.3,19.9,"42,547","18,600","23,947",11.6,26.6,"-10,711",-6.7,39.8,"2,380","2,390","13,895"
e) 4,"14,045","14,724","147,109","149,152",593,3.8,"2,413",15.4,"30,243","4,774","25,469",3.2,20.3,"34,329","15,521","18,808",10.4,23.0,"-4,086",-2.7,40.6,"1,832","1,839","11,726"
f) 5,"12,425","12,911","114,318","116,955",528,3.9,"1,883",13.9,"22,110","3,026","19,084",2.6,18.9,"27,383","10,729","16,654",9.2,23.4,"-5,273",-4.5,37.8,"1,415","1,417","7,877"
g) 6 to 10,"30,730","34,864","366,443","371,628","1,525",4.2,"4,418",12.2,"66,514","10,993","55,521",3.0,17.9,"76,883","33,500","43,383",9.0,20.7,"-10,369",-2.8,35.8,"2,945","2,963","21,177"
h) 11 to 15,,,,,,,,,,,,,,,,,,,,,,,,
i) 16 to 20,,,,,,,,,,,,,,,,,,,,,,,,
j) 21 to 25,,,,,,,,,,,,,,,,,,,,,,,,
k) 26+,,,,,,,,,,,,,,,,,,,,,,,,
l) Left Censored,"63,196","100,413","2,353,964","2,343,618","5,730",5.6,"8,638",8.5,"357,247","111,145","246,102",4.7,15.2,"336,555","115,086","221,469",4.9,14.4,"20,692",0.8,28.8,"4,263","4,303","37,798"
m) ALL,"215,177","259,368","3,696,535","3,603,308","44,962",17.8,"32,427",12.8,"816,140","337,995","478,145",9.4,22.6,"629,683","254,192","375,491",7.1,17.5,"186,457",5.1,35.0,"22,039","22,124","140,167"
,,1986,,,,,,,,,,,,,,,,,,,,,,
Firm Age,Firms,Estabs,Emp,Denom,Estabs_Entry,Estabs_Entry_Rate,Estabs_Exit,Estabs_Exit_Rate,Job_Creation,Job_Creation_Births,Job_Creation_Continuers,Job_Creation_Rate_Births,Job_Creation_Rate,Job_Destruction,Job_Destruction_Deaths,Job_Destruction_Continuers,Job_Destruction_Rate_Deaths,Job_Destruction_Rate,Net_Job_Creation,Net_Job_Creation_Rate,Reallocation_Rate,Firmdeath_Firms,Firmdeath_Estabs,Firmdeath_Emp
a) 0,"36,464","36,807","212,172","106,304","36,729",199.6,0,0.0,"211,736","211,736",0,199.2,199.2,0,0,0,0.0,0.0,"211,736",199.2,0.0,,,
b) 1,"26,616","27,084","205,711","202,369",442,1.4,"8,074",26.0,"70,550","10,666","59,884",5.3,34.9,"63,866","37,006","26,860",18.3,31.6,"6,684",3.3,63.2,"6,062","6,062","28,621"
c) 2,"21,306","21,677","183,777","190,624","1,021",4.3,"4,918",20.7,"45,470","6,574","38,896",3.4,23.9,"59,163","31,119","28,044",16.3,31.0,"-13,693",-7.1,47.8,"3,886","3,886","24,681"
d) 3,"15,756","16,241","141,718","151,860",723,4.1,"3,126",17.9,"30,919","5,001","25,918",3.3,20.4,"51,203","20,896","30,307",13.8,33.7,"-20,284",-13.3,40.8,"2,450","2,450","16,960"
e) 4,"14,312","15,006","152,504","154,953",594,3.7,"2,354",14.8,"30,490","4,630","25,860",3.0,19.7,"35,387","14,311","21,076",9.2,22.8,"-4,897",-3.1,39.4,"1,781","1,781","10,713"
f) 5,"12,610","13,299","137,160","140,763",570,4.1,"1,944",13.9,"25,240","4,013","21,227",2.9,17.9,"32,446","12,869","19,577",9.1,23.1,"-7,206",-5.2,35.8,"1,437","1,439","9,107"
g) 6 to 10,"39,373","44,215","470,463","476,354","2,035",4.4,"5,527",12.0,"89,227","20,466","68,761",4.3,18.7,"101,008","36,702","64,306",7.7,21.2,"-11,781",-2.5,37.4,"3,772","3,777","22,646"
h) 11 to 15,,,,,,,,,,,,,,,,,,,,,,,,
i) 16 to 20,,,,,,,,,,,,,,,,,,,,,,,,
j) 21 to 25,,,,,,,,,,,,,,,,,,,,,,,,
k) 26+,,,,,,,,,,,,,,,,,,,,,,,,
l) Left Censored,"59,421","97,575","2,379,971","2,364,357","5,538",5.6,"8,169",8.3,"362,327","116,740","245,587",4.9,15.3,"331,099","106,838","224,261",4.5,14.0,"31,228",1.3,28.0,"3,892","3,921","34,482"
m) ALL,"225,858","271,904","3,883,476","3,787,584","47,652",17.9,"34,112",12.8,"865,959","379,826","486,133",10.0,22.9,"674,172","259,741","414,431",6.9,17.8,"191,787",5.1,35.6,"23,280","23,316","147,210"
,,1987,,,,,,,,,,,,,,,,,,,,,,
Firm Age,Firms,Estabs,Emp,Denom,Estabs_Entry,Estabs_Entry_Rate,Estabs_Exit,Estabs_Exit_Rate,Job_Creation,Job_Creation_Births,Job_Creation_Continuers,Job_Creation_Rate_Births,Job_Creation_Rate,Job_Destruction,Job_Destruction_Deaths,Job_Destruction_Continuers,Job_Destruction_Rate_Deaths,Job_Destruction_Rate,Net_Job_Creation,Net_Job_Creation_Rate,Reallocation_Rate,Firmdeath_Firms,Firmdeath_Estabs,Firmdeath_Emp
a) 0,"38,641","39,523","239,560","124,582","39,317",199.0,0,0.0,"229,957","229,957",0,184.6,184.6,0,0,0,0.0,0.0,"229,957",184.6,0.0,,,
b) 1,"27,361","28,100","225,148","228,755",449,1.4,"8,341",25.7,"64,831","5,822","59,009",2.5,28.3,"72,045","39,236","32,809",17.2,31.5,"-7,214",-3.2,56.6,"6,714","6,717","31,079"
c) 2,"22,019","22,807","184,503","193,394","1,403",5.6,"5,167",20.7,"43,775","9,094","34,681",4.7,22.6,"61,557","30,465","31,092",15.8,31.8,"-17,782",-9.2,45.2,"4,252","4,254","25,881"
d) 3,"18,400","19,056","166,827","174,066","1,025",5.0,"3,439",16.9,"36,071","7,267","28,804",4.2,20.7,"50,549","25,739","24,810",14.8,29.0,"-14,478",-8.3,41.4,"2,805","2,806","20,752"
e) 4,"13,713","14,471","131,542","137,726",734,4.8,"2,474",16.1,"28,592","6,639","21,953",4.8,20.8,"40,960","19,790","21,170",14.4,29.7,"-12,368",-8.9,41.6,"1,949","1,963","15,182"
f) 5,"12,808","13,552","144,383","148,222",549,3.8,"1,944",13.6,"25,874","3,377","22,497",2.3,17.5,"33,551","13,751","19,800",9.3,22.6,"-7,677",-5.1,35.0,"1,476","1,487","9,925"
g) 6 to 10,"47,262","53,160","586,317","600,908","2,826",5.1,"7,027",12.7,"109,022","25,208","83,814",4.2,18.1,"138,204","57,133","81,071",9.5,23.0,"-29,182",-4.9,36.2,"4,714","4,793","36,697"
h) 11 to 15,,,,,,,,,,,,,,,,,,,,,,,,
i) 16 to 20,,,,,,,,,,,,,,,,,,,,,,,,
j) 21 to 25,,,,,,,,,,,,,,,,,,,,,,,,
k) 26+,,,,,,,,,,,,,,,,,,,,,,,,
l) Left Censored,"55,392","95,388","2,374,593","2,377,329","6,690",6.9,"9,037",9.3,"358,812","128,634","230,178",5.4,15.1,"364,286","133,862","230,424",5.6,15.3,"-5,474",-0.2,30.2,"3,897","3,977","35,856"
m) ALL,"235,596","286,057","4,052,873","3,984,982","52,993",19.0,"37,429",13.4,"896,934","415,998","480,936",10.4,22.5,"761,152","319,976","441,176",8.0,19.1,"135,782",3.4,38.2,"25,807","25,997","175,372"
,,1988,,,,,,,,,,,,,,,,,,,,,,
Firm Age,Firms,Estabs,Emp,Denom,Estabs_Entry,Estabs_Entry_Rate,Estabs_Exit,Estabs_Exit_Rate,Job_Creation,Job_Creation_Births,Job_Creation_Continuers,Job_Creation_Rate_Births,Job_Creation_Rate,Job_Destruction,Job_Destruction_Deaths,Job_Destruction_Continuers,Job_Destruction_Rate_Deaths,Job_Destruction_Rate,Net_Job_Creation,Net_Job_Creation_Rate,Reallocation_Rate,Firmdeath_Firms,Firmdeath_Estabs,Firmdeath_Emp
a) 0,"35,876","36,407","211,724","106,631","36,059",198.1,0,0.0,"210,186","210,186",0,197.1,197.1,0,0,0,0.0,0.0,"210,186",197.1,0.0,,,
b) 1,"28,115","29,026","252,683","257,001",223,0.7,"9,921",28.9,"69,306","7,481","61,825",2.9,27.0,"77,942","48,091","29,851",18.7,30.3,"-8,636",-3.3,54.0,"8,280","8,280","40,890"
c) 2,"22,201","23,009","183,363","192,492",900,3.5,"5,766",22.6,"43,162","6,052","37,110",3.1,22.4,"61,419","34,142","27,277",17.7,31.9,"-18,257",-9.5,44.8,"4,680","4,680","27,976"
d) 3,"18,731","19,488","169,074","176,135",733,3.5,"3,956",18.7,"34,194","3,961","30,233",2.2,19.4,"48,316","24,212","24,104",13.7,27.4,"-14,122",-8.0,38.8,"3,215","3,215","18,788"
e) 4,"16,124","16,798","153,085","158,402",623,3.5,"2,811",15.7,"28,323","4,727","23,596",3.0,17.9,"38,956","17,336","21,620",10.9,24.6,"-10,633",-6.7,35.8,"2,244","2,244","13,486"
f) 5,"12,270","13,126","131,082","131,249",544,3.9,"1,874",13.6,"27,848","5,933","21,915",4.5,21.2,"28,181","11,755","16,426",9.0,21.5,-333,-0.3,42.4,"1,515","1,515","9,621"
g) 6 to 10,"47,245","51,127","559,226","567,285","1,936",3.6,"6,220",11.7,"98,349","20,603","77,746",3.6,17.3,"114,467","44,693","69,774",7.9,20.2,"-16,118",-2.9,34.6,"4,572","4,572","29,549"
h) 11 to 15,"7,882","10,846","160,471","157,758",613,5.5,"1,058",9.6,"37,077","9,343","27,734",5.9,23.5,"31,651","10,820","20,831",6.9,20.1,"5,426",3.4,40.2,560,560,"4,237"
i) 16 to 20,,,,,,,,,,,,,,,,,,,,,,,,
j) 21 to 25,,,,,,,,,,,,,,,,,,,,,,,,
k) 26+,,,,,,,,,,,,,,,,,,,,,,,,
l) Left Censored,"52,396","94,266","2,403,939","2,382,765","7,076",7.5,"8,007",8.4,"371,589","121,516","250,073",5.1,15.6,"329,241","114,904","214,337",4.8,13.8,"42,348",1.8,27.6,"3,119","3,121","21,351"
m) ALL,"240,840","294,093","4,224,647","4,129,718","48,707",16.8,"39,613",13.7,"920,034","389,802","530,232",9.4,22.3,"730,173","305,953","424,220",7.4,17.7,"189,861",4.6,35.4,"28,185","28,187","165,898"
,,1989,,,,,,,,,,,,,,,,,,,,,,
Firm Age,Firms,Estabs,Emp,Denom,Estabs_Entry,Estabs_Entry_Rate,Estabs_Exit,Estabs_Exit_Rate,Job_Creation,Job_Creation_Births,Job_Creation_Continuers,Job_Creation_Rate_Births,Job_Creation_Rate,Job_Destruction,Job_Destruction_Deaths,Job_Destruction_Continuers,Job_Destruction_Rate_Deaths,Job_Destruction_Rate,Net_Job_Creation,Net_Job_Creation_Rate,Reallocation_Rate,Firmdeath_Firms,Firmdeath_Estabs,Firmdeath_Emp
a) 0,"34,277","34,602","199,387","99,997","34,388",198.8,0,0.0,"198,781","198,781",0,198.8,198.8,0,0,0,0.0,0.0,"198,781",198.8,0.0,,,
b) 1,"27,447","28,222","213,954","213,393",244,0.8,"8,181",25.3,"68,771","5,222","63,549",2.4,32.2,"67,648","38,442","29,206",18.0,31.7,"1,123",0.5,63.4,"6,395","6,397","31,435"
c) 2,"23,059","23,983","237,041","243,678",878,3.3,"5,864",22.1,"49,347","6,474","42,873",2.7,20.3,"62,620","35,226","27,394",14.5,25.7,"-13,273",-5.4,40.6,"4,706","4,720","29,046"
d) 3,"19,074","19,938","172,797","178,062",886,4.1,"3,981",18.5,"38,030","6,714","31,316",3.8,21.4,"48,559","25,648","22,911",14.4,27.3,"-10,529",-5.9,42.8,"3,208","3,211","20,571"
e) 4,"16,451","17,264","165,020","168,633",639,3.5,"2,934",16.0,"32,070","4,759","27,311",2.8,19.0,"39,295","19,279","20,016",11.4,23.3,"-7,225",-4.3,38.0,"2,243","2,258","15,238"
f) 5,"14,429","15,161","150,210","152,640",530,3.3,"2,211",13.8,"27,202","3,593","23,609",2.4,17.8,"32,062","13,835","18,227",9.1,21.0,"-4,860",-3.2,35.6,"1,717","1,732","10,723"
g) 6 to 10,"47,505","51,315","581,882","589,306","1,732",3.2,"6,031",11.3,"96,524","16,061","80,463",2.7,16.4,"111,372","44,342","67,030",7.5,18.9,"-14,848",-2.5,32.8,"4,409","4,476","31,259"
h) 11 to 15,"14,605","18,628","255,234","256,370",936,4.9,"1,835",9.6,"43,974","11,625","32,349",4.5,17.2,"46,245","15,763","30,482",6.1,18.0,"-2,271",-0.8,34.4,"1,106","1,117","8,299"
i) 16 to 20,,,,,,,,,,,,,,,,,,,,,,,,
j) 21 to 25,,,,,,,,,,,,,,,,,,,,,,,,
k) 26+,,,,,,,,,,,,,,,,,,,,,,,,
l) Left Censored,"49,281","92,797","2,468,351","2,440,881","5,804",6.2,"7,386",7.9,"384,191","129,842","254,349",5.3,15.7,"329,251","100,165","229,086",4.1,13.5,"54,940",2.2,27.0,"2,996","3,036","27,124"
m) ALL,"246,128","301,910","4,443,876","4,342,960","46,037",15.5,"38,423",12.9,"938,890","383,071","555,819",8.8,21.6,"737,052","292,700","444,352",6.7,17.0,"201,838",4.6,34.0,"26,780","26,947","173,695"
,,1990,,,,,,,,,,,,,,,,,,,,,,
Firm Age,Firms,Estabs,Emp,Denom,Estabs_Entry,Estabs_Entry_Rate,Estabs_Exit,Estabs_Exit_Rate,Job_Creation,Job_Creation_Births,Job_Creation_Continuers,Job_Creation_Rate_Births,Job_Creation_Rate,Job_Destruction,Job_Destruction_Deaths,Job_Destruction_Continuers,Job_Destruction_Rate_Deaths,Job_Destruction_Rate,Net_Job_Creation,Net_Job_Creation_Rate,Reallocation_Rate,Firmdeath_Firms,Firmdeath_Estabs,Firmdeath_Emp
a) 0,"34,760","35,038","204,906","102,697","34,918",199.3,0,0.0,"204,418","204,418",0,199.0,199.0,0,0,0,0.0,0.0,"204,418",199.0,0.0,,,
b) 1,"26,791","27,206","196,569","196,873",188,0.6,"6,827",22.1,"60,008","4,885","55,123",2.5,30.5,"60,615","32,364","28,251",16.4,30.8,-607,-0.3,61.0,"5,571","5,571","27,040"
c) 2,"22,791","23,750","196,519","203,876","1,022",3.9,"5,126",19.7,"48,200","7,309","40,891",3.6,23.6,"62,914","32,452","30,462",15.9,30.9,"-14,714",-7.3,47.2,"4,284","4,294","27,227"
d) 3,"19,644","20,568","222,207","229,191",848,3.8,"4,039",18.1,"40,574","6,077","34,497",2.7,17.7,"54,541","28,658","25,883",12.5,23.8,"-13,967",-6.1,35.4,"3,321","3,327","24,808"
e) 4,"16,716","17,623","163,392","167,360",770,4.1,"2,891",15.4,"31,089","5,581","25,508",3.3,18.6,"39,025","18,438","20,587",11.0,23.3,"-7,936",-4.7,37.2,"2,356","2,359","15,105"
f) 5,"14,657","15,545","158,154","160,350",613,3.7,"2,247",13.7,"28,088","4,197","23,891",2.6,17.5,"32,479","14,227","18,252",8.9,20.3,"-4,391",-2.8,35.0,"1,791","1,792","11,224"
g) 6 to 10,"49,380","53,262","601,994","616,462","1,926",3.5,"6,245",11.2,"92,746","17,620","75,126",2.9,15.0,"121,681","44,159","77,522",7.2,19.7,"-28,935",-4.7,30.0,"4,753","4,770","33,357"
h) 11 to 15,"20,733","25,587","348,649","351,540","1,162",4.4,"2,456",9.3,"56,302","15,803","40,499",4.5,16.0,"62,084","20,284","41,800",5.8,17.7,"-5,782",-1.7,32.0,"1,581","1,608","10,698"
i) 16 to 20,,,,,,,,,,,,,,,,,,,,,,,,
j) 21 to 25,,,,,,,,,,,,,,,,,,,,,,,,
k) 26+,,,,,,,,,,,,,,,,,,,,,,,,
l) Left Censored,"46,439","91,063","2,461,987","2,461,767","5,144",5.6,"6,740",7.3,"325,863","98,081","227,782",4.0,13.2,"325,422","94,350","231,072",3.8,13.2,441,0.0,26.4,"2,692","2,781","22,348"
m) ALL,"251,911","309,642","4,554,377","4,490,116","46,591",15.2,"36,571",12.0,"887,288","363,971","523,317",8.1,19.8,"758,761","284,932","473,829",6.3,16.9,"128,527",2.9,33.8,"26,349","26,502","171,807"
,,1991,,,,,,,,,,,,,,,,,,,,,,
Firm Age,Firms,Estabs,Emp,Denom,Estabs_Entry,Estabs_Entry_Rate,Estabs_Exit,Estabs_Exit_Rate,Job_Creation,Job_Creation_Births,Job_Creation_Continuers,Job_Creation_Rate_Births,Job_Creation_Rate,Job_Destruction,Job_Destruction_Deaths,Job_Destruction_Continuers,Job_Destruction_Rate_Deaths,Job_Destruction_Rate,Net_Job_Creation,Net_Job_Creation_Rate,Reallocation_Rate,Firmdeath_Firms,Firmdeath_Estabs,Firmdeath_Emp
a) 0,"34,857","35,253","198,996","99,845","35,010",198.6,0,0.0,"198,302","198,302",0,198.6,198.6,0,0,0,0.0,0.0,"198,302",198.6,0.0,,,
b) 1,"27,797","28,199","198,245","200,000",261,0.8,"6,537",20.7,"59,536","5,589","53,947",2.8,29.8,"63,046","28,914","34,132",14.5,31.5,"-3,510",-1.7,59.6,"4,603","4,616","21,370"
c) 2,"22,531","23,047","166,872","180,534",849,3.4,"4,873",19.4,"35,656","5,370","30,286",3.0,19.8,"62,980","31,044","31,936",17.2,34.9,"-27,324",-15.1,39.6,"3,804","3,810","24,968"
d) 3,"19,538","20,705","175,672","190,062",881,4.0,"3,984",17.9,"31,116","5,960","25,156",3.1,16.4,"59,896","27,383","32,513",14.4,31.5,"-28,780",-15.1,32.8,"3,071","3,084","22,997"
e) 4,"17,074","18,064","201,477","212,636",763,4.0,"3,328",17.2,"28,742","5,801","22,941",2.7,13.5,"51,060","21,979","29,081",10.3,24.0,"-22,318",-10.5,27.0,"2,504","2,547","16,933"
f) 5,"14,754","15,755","145,491","153,967",594,3.6,"2,501",15.0,"23,794","5,059","18,735",3.3,15.5,"40,745","15,501","25,244",10.1,26.5,"-16,951",-11.0,31.0,"1,877","1,880","11,991"
g) 6 to 10,"51,155","55,605","603,122","631,111","2,380",4.1,"7,028",12.1,"90,756","21,480","69,276",3.4,14.4,"146,733","54,303","92,430",8.6,23.2,"-55,977",-8.8,28.8,"5,010","5,047","37,998"
h) 11 to 15,"26,497","32,354","409,554","419,485","1,644",5.0,"3,336",10.1,"66,672","22,085","44,587",5.3,15.9,"86,535","27,227","59,308",6.5,20.6,"-19,863",-4.7,31.8,"2,024","2,089","16,945"
i) 16 to 20,,,,,,,,,,,,,,,,,,,,,,,,
j) 21 to 25,,,,,,,,,,,,,,,,,,,,,,,,
k) 26+,,,,,,,,,,,,,,,,,,,,,,,,
l) Left Censored,"43,858","89,446","2,428,297","2,452,753","6,111",6.8,"8,129",9.0,"335,123","124,601","210,522",5.1,13.7,"384,035","111,003","273,032",4.5,15.7,"-48,912",-2.0,27.4,"2,682","2,849","26,784"
m) ALL,"258,061","318,428","4,527,726","4,540,393","48,493",15.4,"39,716",12.7,"869,697","394,247","475,450",8.7,19.2,"895,030","317,354","577,676",7.0,19.7,"-25,333",-0.5,38.4,"25,575","25,922","179,986"
,,1992,,,,,,,,,,,,,,,,,,,,,,
Firm Age,Firms,Estabs,Emp,Denom,Estabs_Entry,Estabs_Entry_Rate,Estabs_Exit,Estabs_Exit_Rate,Job_Creation,Job_Creation_Births,Job_Creation_Continuers,Job_Creation_Rate_Births,Job_Creation_Rate,Job_Destruction,Job_Destruction_Deaths,Job_Destruction_Continuers,Job_Destruction_Rate_Deaths,Job_Destruction_Rate,Net_Job_Creation,Net_Job_Creation_Rate,Reallocation_Rate,Firmdeath_Firms,Firmdeath_Estabs,Firmdeath_Emp
a) 0,"36,392","36,897","199,192","100,621","36,796",199.5,0,0.0,"197,143","197,143",0,195.9,195.9,0,0,0,0.0,0.0,"197,143",195.9,0.0,,,
b) 1,"26,292","26,895","180,452","187,103",296,1.0,"7,809",25.2,"54,287","6,763","47,524",3.6,29.0,"67,589","41,495","26,094",22.2,36.1,"-13,302",-7.1,58.0,"6,360","6,366","34,417"
c) 2,"22,856","23,328","171,661","181,569","1,140",4.4,"5,461",21.3,"40,882","6,555","34,327",3.6,22.5,"60,697","33,479","27,218",18.4,33.4,"-19,815",-10.9,45.0,"4,431","4,441","28,217"
d) 3,"19,095","19,762","154,749","159,823",950,4.4,"3,910",18.3,"33,178","6,504","26,674",4.1,20.8,"43,326","21,329","21,997",13.3,27.1,"-10,148",-6.3,41.6,"3,170","3,203","18,166"
e) 4,"16,876","17,998","155,230","163,403",765,4.0,"3,201",16.6,"28,729","4,531","24,198",2.8,17.6,"45,074","20,451","24,623",12.5,27.6,"-16,345",-10.0,35.2,"2,476","2,488","15,981"
f) 5,"15,113","16,117","183,611","190,473",708,4.1,"2,463",14.4,"32,232","5,117","27,115",2.7,16.9,"45,955","22,442","23,513",11.8,24.1,"-13,723",-7.2,33.8,"1,810","1,856","18,901"
g) 6 to 10,"52,585","57,519","620,463","628,327","2,612",4.4,"7,179",12.0,"111,122","28,762","82,360",4.6,17.7,"126,850","52,636","74,214",8.4,20.2,"-15,728",-2.5,35.4,"5,102","5,195","34,537"
h) 11 to 15,"32,347","39,578","498,775","508,372","2,120",5.2,"3,939",9.7,"78,886","22,882","56,004",4.5,15.5,"98,080","33,172","64,908",6.5,19.3,"-19,194",-3.8,31.0,"2,323","2,409","17,454"
i) 16 to 20,,,,,,,,,,,,,,,,,,,,,,,,
j) 21 to 25,,,,,,,,,,,,,,,,,,,,,,,,
k) 26+,,,,,,,,,,,,,,,,,,,,,,,,
l) Left Censored,"41,739","86,688","2,397,747","2,425,267","5,110",5.8,"8,476",9.6,"331,763","107,944","223,819",4.5,13.7,"386,804","137,328","249,476",5.7,15.9,"-55,041",-2.2,27.4,"2,376","2,622","19,407"
m) ALL,"263,295","324,782","4,561,880","4,544,958","50,497",15.7,"42,438",13.2,"908,222","386,201","522,021",8.5,20.0,"874,375","362,332","512,043",8.0,19.2,"33,847",0.8,38.4,"28,048","28,580","187,080"
,,1993,,,,,,,,,,,,,,,,,,,,,,
Firm Age,Firms,Estabs,Emp,Denom,Estabs_Entry,Estabs_Entry_Rate,Estabs_Exit,Estabs_Exit_Rate,Job_Creation,Job_Creation_Births,Job_Creation_Continuers,Job_Creation_Rate_Births,Job_Creation_Rate,Job_Destruction,Job_Destruction_Deaths,Job_Destruction_Continuers,Job_Destruction_Rate_Deaths,Job_Destruction_Rate,Net_Job_Creation,Net_Job_Creation_Rate,Reallocation_Rate,Firmdeath_Firms,Firmdeath_Estabs,Firmdeath_Emp
a) 0,"37,748","37,875","209,533","105,474","37,577",198.4,0,0.0,"208,118","208,118",0,197.3,197.3,0,0,0,0.0,0.0,"208,118",197.3,0.0,,,
b) 1,"27,384","27,919","199,127","198,717",85,0.3,"8,409",26.0,"62,647","4,998","57,649",2.5,31.5,"61,827","39,759","22,068",20.0,31.1,820,0.4,62.2,"7,053","7,053","34,142"
c) 2,"22,132","22,755","164,174","171,199",801,3.2,"4,784",19.3,"38,468","4,377","34,091",2.6,22.5,"52,517","28,436","24,081",16.6,30.7,"-14,049",-8.2,45.0,"3,976","3,984","23,121"
d) 3,"19,981","20,458","168,765","169,863",841,3.8,"3,611",16.5,"42,354","4,866","37,488",2.9,24.9,"44,550","19,491","25,059",11.5,26.2,"-2,196",-1.3,49.8,"3,045","3,049","16,885"
e) 4,"16,954","17,700","147,968","150,997",709,3.8,"2,778",14.8,"29,301","4,879","24,422",3.2,19.4,"35,358","16,606","18,752",11.0,23.4,"-6,057",-4.0,38.8,"2,294","2,298","13,505"
f) 5,"15,266","16,322","152,926","153,860",669,3.9,"2,329",13.6,"33,007","4,316","28,691",2.8,21.5,"34,874","17,947","16,927",11.7,22.7,"-1,867",-1.2,43.0,"1,786","1,815","14,908"
g) 6 to 10,"54,903","59,813","677,769","685,608","2,226",3.6,"6,594",10.6,"115,527","19,285","96,242",2.8,16.9,"131,206","47,144","84,062",6.9,19.1,"-15,679",-2.2,33.8,"4,931","4,968","33,530"
h) 11 to 15,"32,649","37,332","457,927","461,142","1,241",3.2,"3,299",8.6,"67,212","10,341","56,871",2.2,14.6,"73,641","26,382","47,259",5.7,16.0,"-6,429",-1.4,29.2,"2,255","2,283","15,196"
i) 16 to 20,"5,769","9,115","143,991","145,796",363,3.9,742,8.0,"22,167","4,209","17,958",2.9,15.2,"25,777","9,754","16,023",6.7,17.7,"-3,610",-2.5,30.4,322,383,"3,169"
j) 21 to 25,,,,,,,,,,,,,,,,,,,,,,,,
k) 26+,,,,,,,,,,,,,,,,,,,,,,,,
l) Left Censored,"39,495","83,184","2,410,812","2,403,703","4,093",4.8,"7,480",8.8,"340,435","104,166","236,269",4.3,14.2,"326,217","107,780","218,437",4.5,13.6,"14,218",0.6,27.2,"2,139","2,295","20,766"
m) ALL,"272,281","332,473","4,732,992","4,646,359","48,605",14.8,"40,026",12.2,"959,236","369,555","589,681",8.0,20.6,"785,967","313,299","472,668",6.7,16.9,"173,269",3.7,33.8,"27,801","28,128","175,222"
,,1994,,,,,,,,,,,,,,,,,,,,,,
Firm Age,Firms,Estabs,Emp,Denom,Estabs_Entry,Estabs_Entry_Rate,Estabs_Exit,Estabs_Exit_Rate,Job_Creation,Job_Creation_Births,Job_Creation_Continuers,Job_Creation_Rate_Births,Job_Creation_Rate,Job_Destruction,Job_Destruction_Deaths,Job_Destruction_Continuers,Job_Destruction_Rate_Deaths,Job_Destruction_Rate,Net_Job_Creation,Net_Job_Creation_Rate,Reallocation_Rate,Firmdeath_Firms,Firmdeath_Estabs,Firmdeath_Emp
a) 0,"37,920","38,167","210,215","105,563","37,890",198.5,0,0.0,"209,305","209,305",0,198.3,198.3,0,0,0,0.0,0.0,"209,305",198.3,0.0,,,
b) 1,"28,231","28,456","203,344","208,016",115,0.3,"8,866",26.7,"56,672","3,681","52,991",1.8,27.2,"66,015","41,226","24,789",19.8,31.7,"-9,343",-4.5,54.4,"7,395","7,395","35,836"
c) 2,"22,597","23,079","190,382","193,294",774,3.0,"5,338",21.0,"52,212","7,864","44,348",4.1,27.0,"58,036","30,998","27,038",16.0,30.0,"-5,824",-3.0,54.0,"4,344","4,352","25,722"
d) 3,"19,064","19,654","154,956","159,275",674,3.2,"3,635",17.2,"33,763","3,751","30,012",2.4,21.2,"42,401","22,228","20,173",14.0,26.6,"-8,638",-5.4,42.4,"2,942","2,944","18,022"
e) 4,"17,530","18,037","151,659","159,945",552,2.9,"2,873",14.9,"28,050","2,652","25,398",1.7,17.5,"44,621","17,181","27,440",10.7,27.9,"-16,571",-10.4,35.0,"2,331","2,331","14,311"
f) 5,"15,138","15,943","140,454","143,684",602,3.6,"2,319",13.8,"27,894","5,122","22,772",3.6,19.4,"34,354","13,890","20,464",9.7,23.9,"-6,460",-4.5,38.8,"1,838","1,841","10,596"
g) 6 to 10,"57,101","62,196","716,664","719,987","2,188",3.4,"7,111",11.0,"129,303","26,457","102,846",3.7,18.0,"135,950","53,169","82,781",7.4,18.9,"-6,647",-0.9,36.0,"5,204","5,287","38,636"
h) 11 to 15,"32,640","37,070","475,146","476,191","1,198",3.1,"3,513",9.2,"68,718","12,585","56,133",2.6,14.4,"70,808","25,310","45,498",5.3,14.9,"-2,090",-0.5,28.8,"2,340","2,362","15,328"
i) 16 to 20,"10,660","15,060","225,927","223,679",676,4.4,"1,203",7.8,"32,940","8,893","24,047",4.0,14.7,"28,444","7,376","21,068",3.3,12.7,"4,496",2.0,25.4,655,669,"3,389"
j) 21 to 25,,,,,,,,,,,,,,,,,,,,,,,,
k) 26+,,,,,,,,,,,,,,,,,,,,,,,,
l) Left Censored,"37,524","82,410","2,449,330","2,430,288","4,753",5.7,"5,797",7.0,"315,337","90,124","225,213",3.7,13.0,"277,253","77,803","199,450",3.2,11.4,"38,084",1.6,22.8,"1,934","1,957","14,592"
m) ALL,"278,405","340,072","4,918,077","4,819,922","49,422",14.7,"40,655",12.1,"954,194","370,434","583,760",7.7,19.8,"757,882","289,181","468,701",6.0,15.7,"196,312",4.1,31.4,"28,983","29,138","176,432"
,,1995,,,,,,,,,,,,,,,,,,,,,,
Firm Age,Firms,Estabs,Emp,Denom,Estabs_Entry,Estabs_Entry_Rate,Estabs_Exit,Estabs_Exit_Rate,Job_Creation,Job_Creation_Births,Job_Creation_Continuers,Job_Creation_Rate_Births,Job_Creation_Rate,Job_Destruction,Job_Destruction_Deaths,Job_Destruction_Continuers,Job_Destruction_Rate_Deaths,Job_Destruction_Rate,Net_Job_Creation,Net_Job_Creation_Rate,Reallocation_Rate,Firmdeath_Firms,Firmdeath_Estabs,Firmdeath_Emp
a) 0,"37,216","37,420","205,016","102,904","37,168",198.7,0,0.0,"204,225","204,225",0,198.5,198.5,0,0,0,0.0,0.0,"204,225",198.5,0.0,,,
b) 1,"28,468","28,819","206,446","207,868",146,0.4,"8,792",26.3,"60,956","4,157","56,799",2.0,29.3,"63,800","39,278","24,522",18.9,30.7,"-2,844",-1.4,58.6,"7,299","7,306","34,462"
c) 2,"23,238","23,540","191,634","196,923",841,3.2,"5,476",21.1,"43,699","6,265","37,434",3.2,22.2,"54,276","31,986","22,290",16.2,27.6,"-10,577",-5.4,44.4,"4,619","4,619","27,622"
d) 3,"19,535","20,055","170,960","179,454",789,3.7,"3,639",16.9,"36,151","4,467","31,684",2.5,20.1,"53,138","22,142","30,996",12.3,29.6,"-16,987",-9.5,40.2,"3,027","3,031","17,941"
e) 4,"16,897","17,446","149,943","153,261",608,3.3,"2,770",14.9,"31,233","3,970","27,263",2.6,20.4,"37,869","20,511","17,358",13.4,24.7,"-6,636",-4.3,40.8,"2,187","2,190","15,489"
f) 5,"15,718","16,241","149,322","150,321",586,3.4,"2,304",13.5,"27,434","5,053","22,381",3.4,18.3,"29,432","13,721","15,711",9.1,19.6,"-1,998",-1.3,36.6,"1,859","1,860","11,688"
g) 6 to 10,"57,695","62,626","732,813","732,544","2,206",3.4,"7,122",10.9,"145,050","49,852","95,198",6.8,19.8,"144,512","55,720","88,792",7.6,19.7,538,0.1,39.4,"5,304","5,374","39,882"
h) 11 to 15,"34,353","39,295","511,538","512,350","1,555",3.9,"3,438",8.5,"85,970","30,595","55,375",6.0,16.8,"87,593","30,214","57,379",5.9,17.1,"-1,623",-0.3,33.6,"2,290","2,324","15,392"
i) 16 to 20,"15,111","20,294","314,096","312,678",781,3.8,"1,783",8.6,"47,586","12,659","34,927",4.0,15.2,"44,749","14,308","30,441",4.6,14.3,"2,837",0.9,28.6,972,988,"5,863"
j) 21 to 25,,,,,,,,,,,,,,,,,,,,,,,,
k) 26+,,,,,,,,,,,,,,,,,,,,,,,,
l) Left Censored,"35,562","81,237","2,492,545","2,465,400","5,045",6.2,"5,922",7.2,"326,383","98,175","228,208",4.0,13.2,"272,093","80,549","191,544",3.3,11.0,"54,290",2.2,22.0,"1,775","1,813","12,286"
m) ALL,"283,793","346,973","5,124,313","5,013,703","49,725",14.5,"41,246",12.0,"1,008,687","419,418","589,269",8.4,20.1,"787,462","308,429","479,033",6.2,15.7,"221,225",4.4,31.4,"29,332","29,505","180,625"
,,1996,,,,,,,,,,,,,,,,,,,,,,
Firm Age,Firms,Estabs,Emp,Denom,Estabs_Entry,Estabs_Entry_Rate,Estabs_Exit,Estabs_Exit_Rate,Job_Creation,Job_Creation_Births,Job_Creation_Continuers,Job_Creation_Rate_Births,Job_Creation_Rate,Job_Destruction,Job_Destruction_Deaths,Job_Destruction_Continuers,Job_Destruction_Rate_Deaths,Job_Destruction_Rate,Net_Job_Creation,Net_Job_Creation_Rate,Reallocation_Rate,Firmdeath_Firms,Firmdeath_Estabs,Firmdeath_Emp
a) 0,"37,456","37,677","202,121","101,650","37,374",198.4,0,0.0,"200,943","200,943",0,197.7,197.7,0,0,0,0.0,0.0,"200,943",197.7,0.0,,,
b) 1,"28,155","28,427","187,864","192,847",152,0.5,"8,476",25.7,"54,057","5,729","48,328",3.0,28.0,"64,023","37,353","26,670",19.4,33.2,"-9,966",-5.2,56.0,"6,967","6,967","31,816"
c) 2,"23,728","24,128","174,615","186,213",879,3.3,"5,300",20.0,"41,405","7,682","33,723",4.1,22.2,"64,600","37,383","27,217",20.1,34.7,"-23,195",-12.5,44.4,"4,470","4,470","32,821"
d) 3,"20,026","20,422","189,251","189,286",722,3.3,"3,726",17.0,"42,613","5,990","36,623",3.2,22.5,"42,682","20,866","21,816",11.0,22.5,-69,0.0,45.0,"3,055","3,055","17,497"
e) 4,"17,120","17,671","154,345","161,090",592,3.1,"2,884",15.3,"30,054","7,121","22,933",4.4,18.7,"43,543","19,228","24,315",11.9,27.0,"-13,489",-8.3,37.4,"2,352","2,352","16,245"
f) 5,"15,072","15,616","142,902","145,873",474,2.9,"2,225",13.5,"25,760","3,071","22,689",2.1,17.7,"31,702","14,992","16,710",10.3,21.7,"-5,942",-4.0,35.4,"1,778","1,779","11,095"
g) 6 to 10,"58,705","63,263","716,470","726,829","2,074",3.2,"7,125",10.8,"118,586","22,690","95,896",3.1,16.3,"139,305","53,353","85,952",7.3,19.2,"-20,719",-2.9,32.6,"5,312","5,312","37,867"
h) 11 to 15,"35,649","40,929","570,730","578,136","1,422",3.4,"3,877",9.2,"92,536","18,482","74,054",3.2,16.0,"107,348","31,963","75,385",5.5,18.6,"-14,812",-2.6,32.0,"2,523","2,523","18,758"
i) 16 to 20,"19,442","25,537","389,055","387,796","1,003",3.8,"2,138",8.2,"57,752","16,965","40,787",4.4,14.9,"55,233","20,740","34,493",5.3,14.2,"2,519",0.7,28.4,"1,160","1,160","7,375"
j) 21 to 25,,,,,,,,,,,,,,,,,,,,,,,,
k) 26+,,,,,,,,,,,,,,,,,,,,,,,,
l) Left Censored,"33,649","79,282","2,543,805","2,526,367","4,686",5.8,"6,453",8.0,"362,959","137,233","225,726",5.4,14.4,"328,083","105,611","222,472",4.2,13.0,"34,876",1.4,26.0,"1,649","1,649","13,689"
m) ALL,"289,002","352,952","5,271,158","5,196,087","49,378",14.1,"42,204",12.1,"1,026,665","425,906","600,759",8.2,19.8,"876,519","341,489","535,030",6.6,16.9,"150,146",2.9,33.8,"29,266","29,267","187,163"
,,1997,,,,,,,,,,,,,,,,,,,,,,
Firm Age,Firms,Estabs,Emp,Denom,Estabs_Entry,Estabs_Entry_Rate,Estabs_Exit,Estabs_Exit_Rate,Job_Creation,Job_Creation_Births,Job_Creation_Continuers,Job_Creation_Rate_Births,Job_Creation_Rate,Job_Destruction,Job_Destruction_Deaths,Job_Destruction_Continuers,Job_Destruction_Rate_Deaths,Job_Destruction_Rate,Net_Job_Creation,Net_Job_Creation_Rate,Reallocation_Rate,Firmdeath_Firms,Firmdeath_Estabs,Firmdeath_Emp
a) 0,"37,300","37,666","223,618","112,223","37,415",198.7,0,0.0,"222,790","222,790",0,198.5,198.5,0,0,0,0.0,0.0,"222,790",198.5,0.0,,,
b) 1,"27,941","28,361","188,934","193,177",206,0.6,"8,879",26.9,"59,048","4,359","54,689",2.3,30.6,"67,534","39,060","28,474",20.2,35.0,"-8,486",-4.4,61.2,"7,272","7,272","33,539"
c) 2,"23,196","23,585","164,875","173,308",832,3.2,"5,352",20.6,"37,969","5,989","31,980",3.5,21.9,"54,835","32,323","22,512",18.7,31.6,"-16,866",-9.7,43.8,"4,426","4,426","26,700"
d) 3,"20,235","20,734","167,782","169,054",744,3.3,"3,981",17.8,"40,495","6,750","33,745",4.0,24.0,"43,038","23,571","19,467",13.9,25.5,"-2,543",-1.5,48.0,"3,221","3,221","19,894"
e) 4,"17,465","18,162","159,005","164,057",808,4.2,"3,031",15.7,"31,988","5,570","26,418",3.4,19.5,"42,093","23,726","18,367",14.5,25.7,"-10,105",-6.2,39.0,"2,457","2,457","19,669"
f) 5,"15,169","15,828","145,266","147,514",565,3.4,"2,380",14.2,"26,987","4,265","22,722",2.9,18.3,"31,483","14,663","16,820",9.9,21.3,"-4,496",-3.0,36.6,"1,865","1,865","12,044"
g) 6 to 10,"58,507","63,151","718,719","731,983","2,448",3.7,"7,689",11.7,"125,244","31,985","93,259",4.4,17.1,"151,771","60,320","91,451",8.2,20.7,"-26,527",-3.6,34.2,"5,542","5,542","38,845"
h) 11 to 15,"36,647","41,917","582,085","590,678","1,963",4.6,"4,251",9.9,"111,988","32,754","79,234",5.5,19.0,"129,175","54,988","74,187",9.3,21.9,"-17,187",-2.9,38.0,"2,619","2,620","23,463"
i) 16 to 20,"23,923","31,320","484,660","485,590","1,777",5.6,"2,986",9.3,"77,519","23,692","53,827",4.9,16.0,"79,378","26,576","52,802",5.5,16.3,"-1,859",-0.3,32.0,"1,481","1,481","10,352"
j) 21 to 25,,,,,,,,,,,,,,,,,,,,,,,,
k) 26+,,,,,,,,,,,,,,,,,,,,,,,,
l) Left Censored,"32,034","79,289","2,581,895","2,577,126","6,548",8.2,"7,463",9.4,"388,305","128,429","259,876",5.0,15.1,"378,768","129,146","249,622",5.0,14.7,"9,537",0.4,29.4,"1,636","1,636","15,571"
m) ALL,"292,417","360,013","5,416,839","5,344,710","53,306",14.9,"46,012",12.9,"1,122,333","466,583","655,750",8.7,21.0,"978,075","404,373","573,702",7.6,18.3,"144,258",2.7,36.6,"30,519","30,520","200,077"
,,1998,,,,,,,,,,,,,,,,,,,,,,
Firm Age,Firms,Estabs,Emp,Denom,Estabs_Entry,Estabs_Entry_Rate,Estabs_Exit,Estabs_Exit_Rate,Job_Creation,Job_Creation_Births,Job_Creation_Continuers,Job_Creation_Rate_Births,Job_Creation_Rate,Job_Destruction,Job_Destruction_Deaths,Job_Destruction_Continuers,Job_Destruction_Rate_Deaths,Job_Destruction_Rate,Net_Job_Creation,Net_Job_Creation_Rate,Reallocation_Rate,Firmdeath_Firms,Firmdeath_Estabs,Firmdeath_Emp
a) 0,"36,977","37,137","212,544","106,608","36,883",198.6,0,0.0,"211,873","211,873",0,198.7,198.7,0,0,0,0.0,0.0,"211,873",198.7,0.0,,,
b) 1,"27,488","27,888","223,604","221,738",74,0.2,"9,187",28.0,"66,336","1,703","64,633",0.8,29.9,"62,604","39,872","22,732",18.0,28.2,"3,732",1.7,56.4,"7,567","7,567","33,540"
c) 2,"22,897","23,365","175,071","181,017",750,2.9,"5,511",21.3,"39,686","3,855","35,831",2.1,21.9,"51,577","28,380","23,197",15.7,28.5,"-11,891",-6.6,43.8,"4,500","4,500","23,517"
d) 3,"19,861","20,281","158,645","161,217",701,3.2,"3,903",17.8,"34,965","5,323","29,642",3.3,21.7,"40,108","21,708","18,400",13.5,24.9,"-5,143",-3.2,43.4,"3,203","3,203","18,304"
e) 4,"17,674","18,106","160,964","162,947",562,2.9,"3,098",16.0,"34,328","5,651","28,677",3.5,21.1,"38,294","21,244","17,050",13.0,23.5,"-3,966",-2.4,42.2,"2,456","2,456","17,168"
f) 5,"15,485","16,193","152,017","154,741",500,2.9,"2,415",14.1,"28,254","4,015","24,239",2.6,18.3,"33,702","17,791","15,911",11.5,21.8,"-5,448",-3.5,36.6,"1,908","1,908","13,701"
g) 6 to 10,"58,192","62,230","690,828","696,324","1,879",2.9,"7,354",11.3,"128,553","22,946","105,607",3.3,18.5,"139,545","61,612","77,933",8.8,20.0,"-10,992",-1.5,37.0,"5,458","5,458","40,151"
h) 11 to 15,"37,636","43,131","656,370","644,808","1,295",2.9,"4,092",9.2,"118,812","32,190","86,622",5.0,18.4,"95,688","39,219","56,469",6.1,14.8,"23,124",3.6,29.6,"2,614","2,614","22,184"
i) 16 to 20,"23,530","28,052","429,292","432,440",794,2.7,"2,617",9.0,"54,534","11,253","43,281",2.6,12.6,"60,829","22,010","38,819",5.1,14.1,"-6,295",-1.5,25.2,"1,523","1,523","10,217"
j) 21 to 25,"4,337","8,343","158,031","158,965",419,4.9,683,8.1,"27,497","9,162","18,335",5.8,17.3,"29,364","11,040","18,324",6.9,18.5,"-1,867",-1.2,34.6,253,253,"1,997"
k) 26+,,,,,,,,,,,,,,,,,,,,,,,,
l) Left Censored,"30,246","77,737","2,614,847","2,599,385","5,927",7.6,"7,342",9.4,"370,804","119,229","251,575",4.6,14.3,"339,880","112,431","227,449",4.3,13.1,"30,924",1.2,26.2,"1,508","1,508","12,893"
m) ALL,"294,323","362,463","5,632,213","5,520,190","49,784",13.8,"46,202",12.8,"1,115,642","427,200","688,442",7.7,20.2,"891,591","375,307","516,284",6.8,16.2,"224,051",4.0,32.4,"30,990","30,990","193,672"
,,1999,,,,,,,,,,,,,,,,,,,,,,
Firm Age,Firms,Estabs,Emp,Denom,Estabs_Entry,Estabs_Entry_Rate,Estabs_Exit,Estabs_Exit_Rate,Job_Creation,Job_Creation_Births,Job_Creation_Continuers,Job_Creation_Rate_Births,Job_Creation_Rate,Job_Destruction,Job_Destruction_Deaths,Job_Destruction_Continuers,Job_Destruction_Rate_Deaths,Job_Destruction_Rate,Net_Job_Creation,Net_Job_Creation_Rate,Reallocation_Rate,Firmdeath_Firms,Firmdeath_Estabs,Firmdeath_Emp
a) 0,"37,045","37,421","203,101","102,010","37,133",198.5,0,0.0,"202,183","202,183",0,198.2,198.2,0,0,0,0.0,0.0,"202,183",198.2,0.0,,,
b) 1,"27,951","28,423","201,236","203,498",379,1.2,"8,465",25.8,"62,444","10,355","52,089",5.1,30.7,"66,968","39,259","27,709",19.3,32.9,"-4,524",-2.2,61.4,"6,707","6,707","32,113"
c) 2,"22,555","22,959","197,656","211,667",723,2.8,"5,476",21.6,"42,021","3,857","38,164",1.8,19.9,"70,042","40,812","29,230",19.3,33.1,"-28,021",-13.2,39.8,"4,428","4,428","27,298"
d) 3,"19,536","19,971","162,158","167,336",658,3.0,"4,005",18.5,"40,464","9,742","30,722",5.8,24.2,"50,819","25,460","25,359",15.2,30.4,"-10,355",-6.2,48.4,"3,183","3,183","20,325"
e) 4,"17,323","17,761","153,904","155,057",631,3.3,"3,097",16.3,"35,943","4,701","31,242",3.0,23.2,"38,248","19,777","18,471",12.8,24.7,"-2,305",-1.5,46.4,"2,436","2,436","13,776"
f) 5,"15,683","16,237","163,089","161,807",560,3.3,"2,433",14.2,"37,141","5,703","31,438",3.5,23.0,"34,576","15,335","19,241",9.5,21.4,"2,565",1.6,42.8,"1,874","1,874","11,572"
g) 6 to 10,"57,932","61,676","676,409","680,674","1,897",2.9,"7,610",11.8,"135,011","18,136","116,875",2.7,19.8,"143,541","67,355","76,186",9.9,21.1,"-8,530",-1.3,39.6,"5,614","5,614","40,814"
h) 11 to 15,"38,747","44,498","743,612","728,002","1,510",3.3,"4,403",9.6,"159,418","31,710","127,708",4.4,21.9,"128,198","44,075","84,123",6.1,17.6,"31,220",4.3,35.2,"2,849","2,849","23,099"
i) 16 to 20,"23,323","27,821","444,932","449,392",901,3.1,"2,558",8.9,"60,168","15,079","45,089",3.4,13.4,"69,088","23,930","45,158",5.3,15.4,"-8,920",-2.0,26.8,"1,542","1,542","11,241"
j) 21 to 25,"7,853","13,078","239,113","238,666",643,4.8,"1,095",8.2,"38,287","9,577","28,710",4.0,16.0,"37,394","13,600","23,794",5.7,15.7,893,0.3,31.4,441,441,"2,975"
k) 26+,,,,,,,,,,,,,,,,,,,,,,,,
l) Left Censored,"28,553","77,355","2,673,392","2,648,163","6,189",8.0,"6,518",8.4,"399,560","130,797","268,763",4.9,15.1,"349,102","140,042","209,060",5.3,13.2,"50,458",1.9,26.4,"1,430","1,430","11,888"
m) ALL,"296,501","367,200","5,858,602","5,746,272","51,224",14.0,"45,660",12.5,"1,212,640","441,840","770,800",7.7,21.1,"987,976","429,645","558,331",7.5,17.2,"224,664",3.9,34.4,"30,504","30,504","195,101"
,,2000,,,,,,,,,,,,,,,,,,,,,,
Firm Age,Firms,Estabs,Emp,Denom,Estabs_Entry,Estabs_Entry_Rate,Estabs_Exit,Estabs_Exit_Rate,Job_Creation,Job_Creation_Births,Job_Creation_Continuers,Job_Creation_Rate_Births,Job_Creation_Rate,Job_Destruction,Job_Destruction_Deaths,Job_Destruction_Continuers,Job_Destruction_Rate_Deaths,Job_Destruction_Rate,Net_Job_Creation,Net_Job_Creation_Rate,Reallocation_Rate,Firmdeath_Firms,Firmdeath_Estabs,Firmdeath_Emp
a) 0,"35,581","35,824","192,862","96,970","35,526",198.3,0,0.0,"191,785","191,785",0,197.8,197.8,0,0,0,0.0,0.0,"191,785",197.8,0.0,,,
b) 1,"27,628","28,299","208,302","204,206",338,1.0,"9,055",27.5,"69,608","15,308","54,300",7.5,34.1,"61,415","36,598","24,817",17.9,30.1,"8,193",4.0,60.2,"6,871","6,871","29,050"
c) 2,"23,177","23,862","197,262","197,800","1,015",3.9,"5,452",20.9,"51,983","10,081","41,902",5.1,26.3,"53,059","27,786","25,273",14.0,26.8,"-1,076",-0.5,52.6,"4,201","4,201","22,517"
d) 3,"19,262","19,646","192,999","195,645",674,3.2,"3,932",18.5,"39,437","4,993","34,444",2.6,20.2,"44,729","26,567","18,162",13.6,22.9,"-5,292",-2.7,40.4,"2,996","2,996","21,212"
e) 4,"17,103","17,586","164,411","162,934",549,2.9,"2,951",15.7,"34,972","6,423","28,549",3.9,21.5,"32,018","16,569","15,449",10.2,19.7,"2,954",1.8,39.4,"2,198","2,198","12,446"
f) 5,"15,256","15,663","162,636","157,174",504,3.0,"2,573",15.4,"43,222","4,099","39,123",2.6,27.5,"32,297","16,237","16,060",10.3,20.5,"10,925",7.0,41.0,"1,847","1,847","11,264"
g) 6 to 10,"57,798","61,043","737,212","724,711","1,849",2.9,"7,935",12.4,"173,803","38,922","134,881",5.4,24.0,"148,800","82,389","66,411",11.4,20.5,"25,003",3.5,41.0,"5,526","5,526","60,581"
h) 11 to 15,"38,652","44,228","768,357","774,051","1,533",3.4,"4,565",10.0,"122,359","28,303","94,056",3.7,15.8,"133,748","46,713","87,035",6.0,17.3,"-11,389",-1.5,31.6,"2,801","2,801","19,899"
i) 16 to 20,"24,422","29,249","453,666","457,689",942,3.1,"2,638",8.8,"63,392","13,612","49,780",3.0,13.9,"71,439","32,717","38,722",7.1,15.6,"-8,047",-1.7,27.8,"1,466","1,466","9,746"
j) 21 to 25,"11,046","17,437","354,317","348,603",788,4.4,"1,370",7.7,"57,273","19,403","37,870",5.6,16.4,"45,844","16,933","28,911",4.9,13.2,"11,429",3.2,26.4,625,625,"4,497"
k) 26+,,,,,,,,,,,,,,,,,,,,,,,,
l) Left Censored,"26,991","76,215","2,726,715","2,702,304","5,757",7.5,"7,048",9.2,"406,027","151,293","254,734",5.6,15.0,"357,206","130,696","226,510",4.8,13.2,"48,821",1.8,26.4,"1,292","1,292","11,239"
m) ALL,"296,916","369,052","6,158,739","6,022,087","49,475",13.4,"47,519",12.9,"1,253,861","484,222","769,639",8.0,20.8,"980,555","433,205","547,350",7.2,16.3,"273,306",4.5,32.6,"29,823","29,823","202,451"
,,2001,,,,,,,,,,,,,,,,,,,,,,
Firm Age,Firms,Estabs,Emp,Denom,Estabs_Entry,Estabs_Entry_Rate,Estabs_Exit,Estabs_Exit_Rate,Job_Creation,Job_Creation_Births,Job_Creation_Continuers,Job_Creation_Rate_Births,Job_Creation_Rate,Job_Destruction,Job_Destruction_Deaths,Job_Destruction_Continuers,Job_Destruction_Rate_Deaths,Job_Destruction_Rate,Net_Job_Creation,Net_Job_Creation_Rate,Reallocation_Rate,Firmdeath_Firms,Firmdeath_Estabs,Firmdeath_Emp
a) 0,"36,464","36,898","196,103","98,766","36,560",198.2,0,0.0,"194,674","194,674",0,197.1,197.1,0,0,0,0.0,0.0,"194,674",197.1,0.0,,,
b) 1,"26,877","27,336","196,185","193,231",271,0.9,"8,781",27.8,"65,990","16,500","49,490",8.5,34.2,"60,081","37,332","22,749",19.3,31.1,"5,909",3.1,62.2,"6,296","6,297","28,086"
c) 2,"23,189","24,022","213,440","210,885","1,000",3.8,"5,431",20.8,"67,118","11,727","55,391",5.6,31.8,"62,008","35,100","26,908",16.6,29.4,"5,110",2.4,58.8,"3,918","3,918","28,177"
d) 3,"20,036","20,940","184,152","190,974","1,068",4.8,"4,059",18.2,"39,724","10,304","29,420",5.4,20.8,"53,368","26,354","27,014",13.8,27.9,"-13,644",-7.1,41.6,"2,936","2,936","17,766"
e) 4,"17,035","17,420","159,460","177,960",570,3.1,"2,982",16.1,"32,269","6,554","25,715",3.7,18.1,"69,269","25,464","43,805",14.3,38.9,"-37,000",-20.8,36.2,"2,104","2,104","12,079"
f) 5,"15,236","15,812","179,208","173,195",557,3.3,"2,555",15.3,"55,663","3,307","52,356",1.9,32.1,"43,638","16,218","27,420",9.4,25.2,"12,025",6.9,50.4,"1,798","1,798","11,933"
g) 6 to 10,"57,375","60,555","718,523","729,669","1,998",3.2,"8,123",12.8,"152,257","62,696","89,561",8.6,20.9,"174,549","62,878","111,671",8.6,23.9,"-22,292",-3.0,41.8,"5,337","5,338","35,315"
h) 11 to 15,"39,123","44,188","725,376","725,510","1,510",3.3,"4,596",10.1,"110,816","20,836","89,980",2.9,15.3,"111,083","44,835","66,248",6.2,15.3,-267,0.0,30.6,"2,697","2,697","18,078"
i) 16 to 20,"25,435","30,742","602,924","600,891","1,177",3.7,"2,890",9.2,"85,112","13,719","71,393",2.3,14.2,"81,046","30,872","50,174",5.1,13.5,"4,066",0.7,27.0,"1,453","1,457","11,155"
j) 21 to 25,"14,100","20,846","415,008","416,215","1,094",5.2,"1,844",8.7,"58,666","18,550","40,116",4.5,14.1,"61,079","24,466","36,613",5.9,14.7,"-2,413",-0.6,28.2,802,804,"4,564"
k) 26+,,,,,,,,,,,,,,,,,,,,,,,,
l) Left Censored,"28,139","79,433","2,865,954","2,851,167","6,651",8.4,"6,175",7.8,"456,458","137,694","318,764",4.8,16.0,"426,885","109,215","317,670",3.8,15.0,"29,573",1.0,30.0,"1,110","1,120","8,647"
m) ALL,"303,009","378,192","6,456,333","6,368,463","52,456",14.0,"47,436",12.7,"1,318,747","496,561","822,186",7.8,20.7,"1,143,006","412,734","730,272",6.5,17.9,"175,741",2.8,35.8,"28,451","28,469","175,800"
,,2002,,,,,,,,,,,,,,,,,,,,,,
Firm Age,Firms,Estabs,Emp,Denom,Estabs_Entry,Estabs_Entry_Rate,Estabs_Exit,Estabs_Exit_Rate,Job_Creation,Job_Creation_Births,Job_Creation_Continuers,Job_Creation_Rate_Births,Job_Creation_Rate,Job_Destruction,Job_Destruction_Deaths,Job_Destruction_Continuers,Job_Destruction_Rate_Deaths,Job_Destruction_Rate,Net_Job_Creation,Net_Job_Creation_Rate,Reallocation_Rate,Firmdeath_Firms,Firmdeath_Estabs,Firmdeath_Emp
a) 0,"39,587","39,909","218,706","109,353","39,909",200.0,0,0.0,"218,706","218,706",0,200.0,200.0,0,0,0,0.0,0.0,"218,706",200.0,0.0,,,
b) 1,"27,300","27,703","188,869","191,661",159,0.5,"9,692",29.8,"62,350","3,744","58,606",2.0,32.5,"67,933","41,954","25,979",21.9,35.4,"-5,583",-2.9,65.0,"6,688","6,694","29,689"
c) 2,"22,572","23,112","169,272","176,984","1,126",4.5,"5,365",21.3,"39,279","6,777","32,502",3.8,22.2,"54,702","27,251","27,451",15.4,30.9,"-15,423",-8.7,44.4,"3,864","3,865","20,449"
d) 3,"20,183","21,156","194,139","198,945","1,192",5.3,"4,012",17.8,"43,814","9,968","33,846",5.0,22.0,"53,426","26,020","27,406",13.1,26.9,"-9,612",-4.9,44.0,"2,838","2,849","19,497"
e) 4,"17,850","19,041","196,028","197,969","1,157",5.8,"3,064",15.3,"38,140","11,605","26,535",5.9,19.3,"42,021","19,140","22,881",9.7,21.2,"-3,881",-1.9,38.6,"2,188","2,188","14,342"
f) 5,"15,275","15,616","141,588","147,958",760,4.6,"2,557",15.5,"28,935","5,928","23,007",4.0,19.6,"41,676","22,765","18,911",15.4,28.2,"-12,741",-8.6,39.2,"1,718","1,723","18,497"
g) 6 to 10,"58,377","61,282","682,738","721,893","2,992",4.7,"8,216",12.9,"128,232","34,274","93,958",4.7,17.8,"206,541","106,041","100,500",14.7,28.6,"-78,309",-10.8,35.6,"5,166","5,169","43,155"
h) 11 to 15,"39,683","44,387","687,056","702,572","2,080",4.5,"4,852",10.6,"99,143","22,057","77,086",3.1,14.1,"130,175","51,587","78,588",7.3,18.5,"-31,032",-4.4,28.2,"2,701","2,704","19,644"
i) 16 to 20,"26,347","31,625","580,395","604,144","1,489",4.6,"3,247",10.0,"82,646","22,260","60,386",3.7,13.7,"130,143","69,980","60,163",11.6,21.5,"-47,497",-7.8,27.4,"1,489","1,503","10,584"
j) 21 to 25,"17,499","25,137","480,302","488,049","1,497",5.8,"2,459",9.6,"78,873","31,203","47,670",6.4,16.2,"94,367","38,407","55,960",7.9,19.3,"-15,494",-3.1,32.4,850,859,"6,281"
k) 26+,,,,,,,,,,,,,,,,,,,,,,,,
l) Left Censored,"24,836","75,970","2,762,822","2,791,608","6,364",8.3,"8,173",10.6,"416,774","146,874","269,900",5.3,14.9,"474,347","174,564","299,783",6.3,17.0,"-57,573",-2.1,29.8,"1,058","1,067","10,761"
m) ALL,"309,509","384,938","6,301,915","6,331,136","58,725",15.4,"51,637",13.5,"1,236,892","513,396","723,496",8.1,19.5,"1,295,331","577,709","717,622",9.1,20.5,"-58,439",-1.0,39.0,"28,560","28,621","192,899"
,,2003,,,,,,,,,,,,,,,,,,,,,,
Firm Age,Firms,Estabs,Emp,Denom,Estabs_Entry,Estabs_Entry_Rate,Estabs_Exit,Estabs_Exit_Rate,Job_Creation,Job_Creation_Births,Job_Creation_Continuers,Job_Creation_Rate_Births,Job_Creation_Rate,Job_Destruction,Job_Destruction_Deaths,Job_Destruction_Continuers,Job_Destruction_Rate_Deaths,Job_Destruction_Rate,Net_Job_Creation,Net_Job_Creation_Rate,Reallocation_Rate,Firmdeath_Firms,Firmdeath_Estabs,Firmdeath_Emp
a) 0,"42,618","42,772","253,082","126,541","42,772",200.0,0,0.0,"253,082","253,082",0,200.0,200.0,0,0,0,0.0,0.0,"253,082",200.0,0.0,,,
b) 1,"29,263","29,643","203,928","209,180",88,0.3,"9,439",27.1,"60,859","6,735","54,124",3.2,29.1,"71,363","46,748","24,615",22.3,34.1,"-10,504",-5.0,58.2,"7,512","7,512","39,961"
c) 2,"23,272","23,695","172,195","179,170","1,315",5.1,"4,734",18.5,"45,540","6,403","39,137",3.6,25.4,"59,490","39,562","19,928",22.1,33.2,"-13,950",-7.8,50.8,"3,745","3,746","35,396"
d) 3,"19,757","20,343","176,350","168,376","1,124",5.2,"3,499",16.1,"55,002","7,631","47,371",4.5,32.7,"39,053","20,653","18,400",12.3,23.2,"15,949",9.5,46.4,"2,757","2,757","16,478"
e) 4,"18,032","19,015","175,496","185,417","1,048",5.2,"2,850",14.2,"40,812","6,437","34,375",3.5,22.0,"60,653","40,296","20,357",21.7,32.7,"-19,841",-10.7,44.0,"2,165","2,176","34,384"
f) 5,"16,063","17,289","187,970","191,907",878,4.8,"2,329",12.8,"38,967","5,962","33,005",3.1,20.3,"46,842","11,639","35,203",6.1,24.4,"-7,875",-4.1,40.6,"1,779","1,779","9,072"
g) 6 to 10,"58,853","61,314","701,396","696,607","3,029",4.8,"7,165",11.2,"165,415","29,802","135,613",4.3,23.7,"155,837","53,012","102,825",7.6,22.4,"9,578",1.3,44.8,"5,411","5,419","37,636"
h) 11 to 15,"39,819","44,227","615,585","614,623","1,976",4.3,"4,019",8.8,"112,649","22,533","90,116",3.7,18.3,"110,725","32,172","78,553",5.2,18.0,"1,924",0.3,36.0,"2,770","2,777","18,072"
i) 16 to 20,"27,396","32,796","677,719","676,428","1,391",4.2,"2,388",7.1,"95,111","34,180","60,931",5.1,14.1,"92,528","28,080","64,448",4.2,13.7,"2,583",0.4,27.4,"1,590","1,595","15,726"
j) 21 to 25,"17,381","21,972","415,018","408,121",911,4.1,"1,477",6.6,"67,030","24,496","42,534",6.0,16.4,"53,235","14,283","38,952",3.5,13.0,"13,795",3.4,26.0,975,981,"7,296"
k) 26+,"3,217","7,066","159,063","159,391",455,6.4,498,7.0,"25,214","6,485","18,729",4.1,15.8,"25,870","6,695","19,175",4.2,16.2,-656,-0.4,31.6,178,195,"1,538"
l) Left Censored,"23,646","74,869","2,686,192","2,693,073","5,642",7.6,"4,532",6.1,"339,076","125,825","213,251",4.7,12.6,"352,840","115,379","237,461",4.3,13.1,"-13,764",-0.5,25.2,"1,018","1,035","9,451"
m) ALL,"319,317","395,001","6,423,994","6,308,834","60,629",15.6,"42,930",11.1,"1,298,757","529,571","769,186",8.4,20.6,"1,068,436","408,519","659,917",6.5,16.9,"230,321",3.7,33.8,"29,900","29,972","225,010"
,,2004,,,,,,,,,,,,,,,,,,,,,,
Firm Age,Firms,Estabs,Emp,Denom,Estabs_Entry,Estabs_Entry_Rate,Estabs_Exit,Estabs_Exit_Rate,Job_Creation,Job_Creation_Births,Job_Creation_Continuers,Job_Creation_Rate_Births,Job_Creation_Rate,Job_Destruction,Job_Destruction_Deaths,Job_Destruction_Continuers,Job_Destruction_Rate_Deaths,Job_Destruction_Rate,Net_Job_Creation,Net_Job_Creation_Rate,Reallocation_Rate,Firmdeath_Firms,Firmdeath_Estabs,Firmdeath_Emp
a) 0,"49,923","50,114","251,442","126,232","49,884",199.1,0,0.0,"250,420","250,420",0,198.4,198.4,0,0,0,0.0,0.0,"250,420",198.4,0.0,,,
b) 1,"31,490","31,698","239,408","243,187",68,0.2,"10,022",26.9,"65,614","1,266","64,348",0.5,27.0,"73,171","46,809","26,362",19.2,30.1,"-7,557",-3.1,54.0,"8,047","8,047","40,763"
c) 2,"24,671","25,080","193,121","197,551","1,038",3.8,"5,297",19.4,"49,951","5,263","44,688",2.7,25.3,"58,810","35,023","23,787",17.7,29.8,"-8,859",-4.5,50.6,"4,293","4,293","30,641"
d) 3,"20,432","20,883","191,690","180,981",909,4.1,"3,493",15.7,"57,837","4,540","53,297",2.5,32.0,"36,419","18,399","18,020",10.2,20.1,"21,418",11.9,40.2,"2,729","2,731","14,676"
e) 4,"17,752","18,328","173,657","173,304",829,4.3,"2,650",13.7,"39,648","7,818","31,830",4.5,22.9,"38,942","19,898","19,044",11.5,22.5,706,0.4,45.0,"2,014","2,014","12,321"
f) 5,"16,313","17,247","165,282","169,239",754,4.2,"2,361",13.0,"32,893","4,176","28,717",2.5,19.4,"40,806","21,984","18,822",13.0,24.1,"-7,913",-4.7,38.8,"1,758","1,798","17,974"
g) 6 to 10,"60,029","63,241","732,890","745,898","2,794",4.3,"7,106",10.8,"137,764","33,074","104,690",4.4,18.5,"163,780","52,431","111,349",7.0,22.0,"-26,016",-3.5,37.0,"5,335","5,340","42,219"
h) 11 to 15,"39,997","44,234","593,710","589,377","1,678",3.7,"3,906",8.6,"94,382","19,078","75,304",3.2,16.0,"85,716","33,380","52,336",5.7,14.5,"8,666",1.5,29.0,"2,813","2,835","21,920"
i) 16 to 20,"28,495","34,107","637,414","691,328","1,339",3.8,"2,567",7.4,"82,836","18,567","64,269",2.7,12.0,"190,664","92,374","98,290",13.4,27.6,"-107,828",-15.6,24.0,"1,679","1,722","10,649"
j) 21 to 25,"17,540","22,315","440,581","439,785",988,4.4,"1,614",7.1,"59,961","11,314","48,647",2.6,13.6,"58,369","14,818","43,551",3.4,13.3,"1,592",0.3,26.6,"1,011","1,035","6,922"
k) 26+,"5,835","10,622","224,911","224,684",450,4.2,617,5.8,"30,511","9,544","20,967",4.2,13.6,"30,057","6,827","23,230",3.0,13.4,454,0.2,26.8,311,316,"2,642"
l) Left Censored,"22,579","73,680","2,662,899","2,660,250","5,518",7.5,"5,513",7.5,"359,757","109,842","249,915",4.1,13.5,"354,459","149,248","205,211",5.6,13.3,"5,298",0.2,26.6,894,965,"9,704"
m) ALL,"335,056","411,549","6,507,005","6,441,816","66,249",16.5,"45,146",11.2,"1,261,574","474,902","786,672",7.4,19.6,"1,131,193","491,191","640,002",7.6,17.6,"130,381",2.0,35.2,"30,884","31,096","210,431"
,,2005,,,,,,,,,,,,,,,,,,,,,,
Firm Age,Firms,Estabs,Emp,Denom,Estabs_Entry,Estabs_Entry_Rate,Estabs_Exit,Estabs_Exit_Rate,Job_Creation,Job_Creation_Births,Job_Creation_Continuers,Job_Creation_Rate_Births,Job_Creation_Rate,Job_Destruction,Job_Destruction_Deaths,Job_Destruction_Continuers,Job_Destruction_Rate_Deaths,Job_Destruction_Rate,Net_Job_Creation,Net_Job_Creation_Rate,Reallocation_Rate,Firmdeath_Firms,Firmdeath_Estabs,Firmdeath_Emp
a) 0,"50,388","50,699","254,471","128,033","50,334",198.6,0,0.0,"252,876","252,876",0,197.5,197.5,0,0,0,0.0,0.0,"252,876",197.5,0.0,,,
b) 1,"37,627","37,857","232,291","238,785",71,0.2,"11,092",25.2,"62,851",831,"62,020",0.3,26.3,"75,839","48,238","27,601",20.2,31.8,"-12,988",-5.5,52.6,"8,847","8,847","41,710"
c) 2,"26,855","27,075","205,619","216,264","1,148",3.9,"5,440",18.5,"44,808","4,865","39,943",2.2,20.7,"66,098","40,058","26,040",18.5,30.6,"-21,290",-9.9,41.4,"4,426","4,426","33,592"
d) 3,"21,774","22,226","187,848","192,772",928,3.9,"3,594",15.2,"35,606","4,409","31,197",2.3,18.5,"45,454","19,764","25,690",10.3,23.6,"-9,848",-5.1,37.0,"2,887","2,890","15,747"
e) 4,"18,360","18,853","190,123","189,793",872,4.4,"2,716",13.7,"46,699","5,765","40,934",3.0,24.6,"46,039","19,795","26,244",10.4,24.3,660,0.3,48.6,"2,142","2,143","16,290"
f) 5,"16,123","16,725","150,858","160,835",697,4.0,"2,174",12.4,"25,136","4,628","20,508",2.9,15.6,"45,089","17,362","27,727",10.8,28.0,"-19,953",-12.4,31.2,"1,660","1,660","14,658"
g) 6 to 10,"61,443","65,229","706,577","719,351","2,810",4.2,"6,830",10.1,"123,910","34,275","89,635",4.8,17.2,"149,458","52,586","96,872",7.3,20.8,"-25,548",-3.6,34.4,"5,143","5,192","42,640"
h) 11 to 15,"40,786","44,337","628,010","631,058","1,775",3.9,"3,776",8.3,"104,575","28,824","75,751",4.6,16.6,"110,670","34,742","75,928",5.5,17.5,"-6,095",-0.9,33.2,"2,780","2,790","19,951"
i) 16 to 20,"28,822","34,694","616,564","623,543","1,492",4.2,"2,508",7.1,"83,321","20,418","62,903",3.3,13.4,"97,279","22,530","74,749",3.6,15.6,"-13,958",-2.2,26.8,"1,668","1,682","12,476"
j) 21 to 25,"18,833","24,160","441,145","451,041","1,045",4.3,"1,417",5.8,"57,154","15,532","41,622",3.4,12.7,"76,945","39,793","37,152",8.8,17.1,"-19,791",-4.4,25.4,961,961,"34,618"
k) 26+,"8,369","14,877","345,335","337,662",721,4.8,738,5.0,"51,536","13,880","37,656",4.1,15.3,"36,190","7,105","29,085",2.1,10.7,"15,346",4.6,21.4,424,433,"2,895"
l) Left Censored,"21,648","74,497","2,776,785","2,712,450","7,278",9.9,"5,003",6.8,"423,139","182,549","240,590",6.7,15.6,"294,469","91,809","202,660",3.4,10.9,"128,670",4.7,21.8,894,919,"15,454"
m) ALL,"351,028","431,229","6,735,626","6,601,587","69,171",16.4,"45,288",10.8,"1,311,611","568,852","742,759",8.6,19.9,"1,043,530","393,782","649,748",6.0,15.8,"268,081",4.1,31.6,"31,832","31,943","250,031"
,,2006,,,,,,,,,,,,,,,,,,,,,,
Firm Age,Firms,Estabs,Emp,Denom,Estabs_Entry,Estabs_Entry_Rate,Estabs_Exit,Estabs_Exit_Rate,Job_Creation,Job_Creation_Births,Job_Creation_Continuers,Job_Creation_Rate_Births,Job_Creation_Rate,Job_Destruction,Job_Destruction_Deaths,Job_Destruction_Continuers,Job_Destruction_Rate_Deaths,Job_Destruction_Rate,Net_Job_Creation,Net_Job_Creation_Rate,Reallocation_Rate,Firmdeath_Firms,Firmdeath_Estabs,Firmdeath_Emp
a) 0,"50,356","50,857","287,182","144,388","50,408",198.2,0,0.0,"285,588","285,588",0,197.8,197.8,0,0,0,0.0,0.0,"285,588",197.8,0.0,,,
b) 1,"36,918","37,384","244,640","253,999",179,0.4,"12,076",27.4,"65,497","2,352","63,145",0.9,25.8,"84,215","49,041","35,174",19.3,33.2,"-18,718",-7.4,51.6,"9,592","9,592","41,057"
c) 2,"32,076","32,362","218,136","222,763","1,238",3.5,"6,379",18.2,"47,732","6,296","41,436",2.8,21.4,"56,986","31,129","25,857",14.0,25.6,"-9,254",-4.2,42.8,"5,050","5,050","27,140"
d) 3,"23,366","23,635","201,464","201,909",931,3.7,"4,187",16.5,"40,631","5,168","35,463",2.6,20.1,"41,521","22,972","18,549",11.4,20.6,-890,-0.5,40.2,"3,297","3,308","19,178"
e) 4,"19,387","19,898","182,820","183,444",789,3.7,"2,943",14.0,"32,739","4,191","28,548",2.3,17.8,"33,986","14,685","19,301",8.0,18.5,"-1,247",-0.7,35.6,"2,280","2,284","12,053"
f) 5,"16,518","17,015","165,027","166,194",636,3.5,"2,396",13.4,"28,507","3,621","24,886",2.2,17.2,"30,843","13,083","17,760",7.9,18.6,"-2,336",-1.4,34.4,"1,844","1,847","10,714"
g) 6 to 10,"61,932","66,124","721,616","717,865","2,575",3.7,"7,497",10.9,"127,526","18,346","109,180",2.6,17.8,"120,024","53,946","66,078",7.5,16.7,"7,502",1.1,33.4,"5,497","5,501","38,907"
h) 11 to 15,"40,641","44,094","668,417","655,491","1,637",3.6,"4,062",8.9,"123,931","19,257","104,674",2.9,18.9,"98,079","42,963","55,116",6.6,15.0,"25,852",3.9,30.0,"2,924","2,948","34,816"
i) 16 to 20,"29,341","35,108","639,838","633,995","1,592",4.5,"2,670",7.5,"88,335","21,459","66,876",3.4,13.9,"76,648","26,265","50,383",4.1,12.1,"11,687",1.8,24.2,"1,799","1,800","15,181"
j) 21 to 25,"19,774","25,883","520,305","515,170","1,107",4.2,"1,727",6.6,"65,913","16,684","49,229",3.2,12.8,"55,642","20,444","35,198",4.0,10.8,"10,271",2.0,21.6,"1,075","1,079","8,322"
k) 26+,"10,781","18,326","419,196","414,883",983,5.3,"1,300",7.0,"57,632","20,682","36,950",5.0,13.9,"49,006","14,101","34,905",3.4,11.8,"8,626",2.1,23.6,593,599,"4,719"
l) Left Censored,"20,710","74,553","2,890,289","2,823,667","5,849",7.9,"4,441",6.0,"419,242","110,782","308,460",3.9,14.8,"285,999","73,900","212,099",2.6,10.1,"133,243",4.7,20.2,842,845,"10,228"
m) ALL,"361,800","445,239","7,158,930","6,933,768","67,924",15.5,"49,678",11.4,"1,383,273","514,426","868,847",7.4,19.9,"932,949","362,529","570,420",5.2,13.5,"450,324",6.4,27.0,"34,793","34,853","222,315"
,,2007,,,,,,,,,,,,,,,,,,,,,,
Firm Age,Firms,Estabs,Emp,Denom,Estabs_Entry,Estabs_Entry_Rate,Estabs_Exit,Estabs_Exit_Rate,Job_Creation,Job_Creation_Births,Job_Creation_Continuers,Job_Creation_Rate_Births,Job_Creation_Rate,Job_Destruction,Job_Destruction_Deaths,Job_Destruction_Continuers,Job_Destruction_Rate_Deaths,Job_Destruction_Rate,Net_Job_Creation,Net_Job_Creation_Rate,Reallocation_Rate,Firmdeath_Firms,Firmdeath_Estabs,Firmdeath_Emp
a) 0,"46,045","46,402","253,220","128,618","44,980",193.9,0,0.0,"249,205","249,205",0,193.8,193.8,0,0,0,0.0,0.0,"249,205",193.8,0.0,,,
b) 1,"35,973","36,533","248,251","263,906",184,0.4,"12,999",29.8,"63,878","4,288","59,590",1.6,24.2,"95,188","49,900","45,288",18.9,36.1,"-31,310",-11.9,48.4,"10,438","10,483","42,250"
c) 2,"30,862","31,491","216,463","229,168","1,269",3.7,"7,208",20.9,"49,146","5,779","43,367",2.5,21.4,"74,555","30,934","43,621",13.5,32.5,"-25,409",-11.1,42.8,"5,821","5,821","26,268"
d) 3,"27,880","28,297","188,711","202,940","1,006",3.3,"5,235",17.2,"32,616","6,282","26,334",3.1,16.1,"61,073","29,433","31,640",14.5,30.1,"-28,457",-14.0,32.2,"4,157","4,161","24,994"
e) 4,"20,977","21,644","195,306","199,519",875,3.8,"3,396",14.9,"35,681","6,354","29,327",3.2,17.9,"44,107","18,000","26,107",9.0,22.1,"-8,426",-4.2,35.8,"2,647","2,648","13,830"
f) 5,"17,475","17,986","173,789","176,235",736,3.9,"2,530",13.4,"31,914","8,269","23,645",4.7,18.1,"36,805","14,536","22,269",8.2,20.9,"-4,891",-2.8,36.2,"1,910","1,916","9,834"
g) 6 to 10,"62,874","66,469","698,393","719,031","2,706",3.9,"7,954",11.5,"103,046","26,232","76,814",3.6,14.3,"144,322","61,113","83,209",8.5,20.1,"-41,276",-5.8,28.6,"5,585","5,631","44,011"
h) 11 to 15,"40,944","44,510","626,990","652,812","1,736",3.8,"4,212",9.2,"82,054","20,756","61,298",3.2,12.6,"133,697","31,837","101,860",4.9,20.5,"-51,643",-7.9,25.2,"2,918","2,935","20,082"
i) 16 to 20,"29,418","35,238","579,793","583,323","1,549",4.3,"2,957",8.2,"80,761","20,458","60,303",3.5,13.8,"87,821","23,881","63,940",4.1,15.1,"-7,060",-1.3,27.6,"1,814","1,838","12,146"
j) 21 to 25,"20,544","26,635","557,278","565,878","1,426",5.3,"2,133",7.9,"69,004","19,076","49,928",3.4,12.2,"86,204","26,303","59,901",4.6,15.2,"-17,200",-3.0,24.4,"1,061","1,097","8,177"
k) 26+,"13,486","22,359","523,933","521,138","1,472",6.6,"1,651",7.4,"80,269","25,944","54,325",5.0,15.4,"74,679","18,026","56,653",3.5,14.3,"5,590",1.1,28.6,706,741,"5,430"
l) Left Censored,"20,211","76,286","2,856,413","2,882,890","7,699",10.2,"5,858",7.8,"397,123","121,777","275,346",4.2,13.8,"450,078","155,098","294,980",5.4,15.6,"-52,955",-1.8,27.6,834,903,"8,451"
m) ALL,"366,689","453,850","7,118,540","7,125,458","65,638",14.6,"56,133",12.5,"1,274,697","514,420","760,277",7.2,17.9,"1,288,529","459,061","829,468",6.4,18.1,"-13,832",-0.2,35.8,"37,891","38,174","215,473"
,,2008,,,,,,,,,,,,,,,,,,,,,,
Firm Age,Firms,Estabs,Emp,Denom,Estabs_Entry,Estabs_Entry_Rate,Estabs_Exit,Estabs_Exit_Rate,Job_Creation,Job_Creation_Births,Job_Creation_Continuers,Job_Creation_Rate_Births,Job_Creation_Rate,Job_Destruction,Job_Destruction_Deaths,Job_Destruction_Continuers,Job_Destruction_Rate_Deaths,Job_Destruction_Rate,Net_Job_Creation,Net_Job_Creation_Rate,Reallocation_Rate,Firmdeath_Firms,Firmdeath_Estabs,Firmdeath_Emp
a) 0,"40,581","40,859","206,260","105,207","39,608",193.9,0,0.0,"202,107","202,107",0,192.1,192.1,0,0,0,0.0,0.0,"202,107",192.1,0.0,,,
b) 1,"31,485","31,899","212,996","229,242",94,0.2,"13,161",33.6,"52,584","11,061","41,523",4.8,22.9,"85,076","48,046","37,030",21.0,37.1,"-32,492",-14.2,45.8,"10,811","10,811","41,726"
c) 2,"28,394","29,005","203,306","225,463","1,089",3.3,"8,458",25.8,"34,155","5,051","29,104",2.2,15.1,"78,468","36,364","42,104",16.1,34.8,"-44,313",-19.7,30.2,"6,896","6,896","31,732"
d) 3,"25,141","25,859","187,314","200,695",966,3.4,"6,402",22.3,"34,185","10,448","23,737",5.2,17.0,"60,947","26,043","34,904",13.0,30.4,"-26,762",-13.4,34.0,"5,229","5,229","22,581"
e) 4,"23,587","24,060","164,010","175,485",810,3.1,"5,014",19.2,"25,142","4,165","20,977",2.4,14.3,"48,092","24,816","23,276",14.1,27.4,"-22,950",-13.1,28.6,"4,024","4,024","21,875"
f) 5,"18,249","18,976","177,626","185,462",657,3.2,"3,291",16.2,"28,328","4,801","23,527",2.6,15.3,"44,000","15,441","28,559",8.3,23.7,"-15,672",-8.4,30.6,"2,616","2,616","13,348"
g) 6 to 10,"63,187","66,986","708,883","740,437","2,307",3.3,"8,957",12.7,"93,323","20,484","72,839",2.8,12.6,"156,431","62,023","94,408",8.4,21.1,"-63,108",-8.5,25.2,"6,823","6,868","46,577"
h) 11 to 15,"40,738","43,672","513,334","530,651","1,507",3.3,"4,538",10.0,"64,431","17,878","46,553",3.4,12.1,"99,065","30,586","68,479",5.8,18.7,"-34,634",-6.6,24.2,"3,306","3,338","20,686"
i) 16 to 20,"29,372","34,716","576,844","590,699","1,287",3.6,"2,928",8.2,"77,786","17,057","60,729",2.9,13.2,"105,495","38,810","66,685",6.6,17.9,"-27,709",-4.7,26.4,"1,977","1,983","18,798"
j) 21 to 25,"21,090","27,718","581,244","587,471","1,093",3.9,"1,877",6.7,"67,005","19,962","47,043",3.4,11.4,"79,459","15,757","63,702",2.7,13.5,"-12,454",-2.1,22.8,"1,184","1,184","7,963"
k) 26+,"16,000","26,062","619,396","625,111","1,308",5.0,"1,579",6.0,"81,866","24,481","57,385",3.9,13.1,"93,296","18,932","74,364",3.0,14.9,"-11,430",-1.8,26.2,852,855,"8,701"
l) Left Censored,"19,387","75,802","2,830,656","2,831,000","5,139",6.8,"4,157",5.5,"326,189","101,526","224,663",3.6,11.5,"326,877","64,007","262,870",2.3,11.5,-688,0.0,23.0,739,751,"8,390"
m) ALL,"357,211","445,614","6,981,869","7,026,923","55,865",12.5,"60,362",13.5,"1,087,101","439,021","648,080",6.2,15.5,"1,177,206","380,825","796,381",5.4,16.8,"-90,105",-1.3,31.0,"44,457","44,555","242,377"
,,2009,,,,,,,,,,,,,,,,,,,,,,
Firm Age,Firms,Estabs,Emp,Denom,Estabs_Entry,Estabs_Entry_Rate,Estabs_Exit,Estabs_Exit_Rate,Job_Creation,Job_Creation_Births,Job_Creation_Continuers,Job_Creation_Rate_Births,Job_Creation_Rate,Job_Destruction,Job_Destruction_Deaths,Job_Destruction_Continuers,Job_Destruction_Rate_Deaths,Job_Destruction_Rate,Net_Job_Creation,Net_Job_Creation_Rate,Reallocation_Rate,Firmdeath_Firms,Firmdeath_Estabs,Firmdeath_Emp
a) 0,"34,030","34,239","185,096","93,773","33,378",195.0,0,0.0,"182,646","182,646",0,194.8,194.8,0,0,0,0.0,0.0,"182,646",194.8,0.0,,,
b) 1,"27,725","28,021","163,494","183,337",64,0.2,"11,650",33.8,"38,018","1,032","36,986",0.6,20.7,"77,703","45,091","32,612",24.6,42.4,"-39,685",-21.7,41.4,"9,255","9,255","38,458"
c) 2,"24,623","25,049","175,773","193,965",977,3.4,"7,689",27.0,"24,920","3,221","21,699",1.7,12.8,"61,303","31,925","29,378",16.5,31.6,"-36,383",-18.8,25.6,"6,155","6,155","27,517"
d) 3,"22,822","23,373","162,359","181,684",954,3.7,"6,291",24.1,"26,490","3,982","22,508",2.2,14.6,"65,140","23,137","42,003",12.7,35.9,"-38,650",-21.3,29.2,"4,916","4,917","18,551"
e) 4,"20,867","21,572","163,770","173,302",858,3.6,"5,017",21.2,"27,541","4,329","23,212",2.5,15.9,"46,604","19,308","27,296",11.1,26.9,"-19,063",-11.0,31.8,"3,875","3,875","16,266"
f) 5,"19,776","20,243","139,093","150,111",701,3.2,"4,396",19.9,"17,535","2,782","14,753",1.9,11.7,"39,571","15,898","23,673",10.6,26.4,"-22,036",-14.7,23.4,"3,299","3,299","12,480"
g) 6 to 10,"62,340","65,549","617,475","669,708","2,146",3.1,"10,211",14.6,"70,761","17,087","53,674",2.6,10.6,"175,226","63,535","111,691",9.5,26.2,"-104,465",-15.6,21.2,"7,543","7,562","48,151"
h) 11 to 15,"40,491","43,957","510,339","533,569","1,441",3.1,"5,025",11.0,"65,597","18,036","47,561",3.4,12.3,"112,057","29,965","82,092",5.6,21.0,"-46,460",-8.7,24.6,"3,473","3,485","19,986"
i) 16 to 20,"28,939","34,149","500,540","527,586","1,150",3.3,"3,153",9.0,"46,524","12,514","34,010",2.4,8.8,"100,615","21,680","78,935",4.1,19.1,"-54,091",-10.3,17.6,"2,068","2,069","12,706"
j) 21 to 25,"21,554","27,801","584,534","609,545","1,046",3.7,"2,192",7.7,"56,820","18,028","38,792",3.0,9.3,"106,842","22,489","84,353",3.7,17.5,"-50,022",-8.2,18.6,"1,357","1,357","11,138"
k) 26+,"18,183","29,553","633,503","660,581","1,167",3.9,"2,007",6.7,"62,315","20,786","41,529",3.1,9.4,"116,470","20,709","95,761",3.1,17.6,"-54,155",-8.2,18.8,"1,066","1,171","8,425"
l) Left Censored,"18,571","73,911","2,641,497","2,729,547","4,822",6.5,"5,187",7.0,"236,163","87,711","148,452",3.2,8.7,"412,263","77,172","335,091",2.8,15.1,"-176,100",-6.4,17.4,723,813,"9,215"
m) ALL,"339,921","427,417","6,477,473","6,706,708","48,704",11.2,"62,818",14.4,"855,330","372,154","483,176",5.5,12.8,"1,313,794","370,909","942,885",5.5,19.6,"-458,464",-6.8,25.6,"43,730","43,958","222,893"
,,2010,,,,,,,,,,,,,,,,,,,,,,
Firm Age,Firms,Estabs,Emp,Denom,Estabs_Entry,Estabs_Entry_Rate,Estabs_Exit,Estabs_Exit_Rate,Job_Creation,Job_Creation_Births,Job_Creation_Continuers,Job_Creation_Rate_Births,Job_Creation_Rate,Job_Destruction,Job_Destruction_Deaths,Job_Destruction_Continuers,Job_Destruction_Rate_Deaths,Job_Destruction_Rate,Net_Job_Creation,Net_Job_Creation_Rate,Reallocation_Rate,Firmdeath_Firms,Firmdeath_Estabs,Firmdeath_Emp
a) 0,"34,135","34,545","206,025","104,135","33,805",195.7,0,0.0,"203,781","203,781",0,195.7,195.7,0,0,0,0.0,0.0,"203,781",195.7,0.0,,,
b) 1,"24,534","24,768","172,607","177,546",51,0.2,"8,895",30.2,"47,901","1,348","46,553",0.8,27.0,"57,778","35,082","22,696",19.8,32.5,"-9,877",-5.5,54.0,"6,996","6,996","30,265"
c) 2,"23,162","23,454","149,564","156,302","1,151",4.5,"5,949",23.1,"33,161","4,369","28,792",2.8,21.2,"46,636","26,709","19,927",17.1,29.8,"-13,475",-8.6,42.4,"4,662","4,662","23,142"
d) 3,"21,143","21,598","148,970","161,865","1,099",4.7,"4,728",20.3,"21,016","3,978","17,038",2.5,13.0,"46,806","19,304","27,502",11.9,28.9,"-25,790",-15.9,26.0,"3,596","3,596","16,344"
e) 4,"20,198","20,743","138,050","150,622","1,147",5.2,"4,000",18.1,"25,134","4,859","20,275",3.2,16.7,"50,277","24,211","26,066",16.1,33.4,"-25,143",-16.7,33.4,"2,987","2,987","20,556"
f) 5,"18,280","18,936","156,159","160,490",915,4.5,"3,653",18.1,"23,608","4,746","18,862",3.0,14.7,"32,270","13,961","18,309",8.7,20.1,"-8,662",-5.4,29.4,"2,645","2,646","10,882"
g) 6 to 10,"65,347","68,213","580,801","604,264","2,873",4.0,"9,760",13.7,"88,786","20,669","68,117",3.4,14.7,"135,711","50,233","85,478",8.3,22.5,"-46,925",-7.8,29.4,"6,909","6,920","38,412"
h) 11 to 15,"40,806","44,453","543,477","561,938","1,776",3.9,"4,838",10.5,"66,804","27,874","38,930",5.0,11.9,"103,725","27,261","76,464",4.9,18.5,"-36,921",-6.6,23.8,"3,195","3,197","18,106"
i) 16 to 20,"29,000","33,129","452,794","464,572","1,171",3.4,"3,074",9.0,"60,890","14,202","46,688",3.1,13.1,"84,445","31,410","53,035",6.8,18.2,"-23,555",-5.1,26.2,"2,002","2,010","14,313"
j) 21 to 25,"21,482","27,867","549,902","547,427","1,105",3.9,"2,057",7.3,"73,451","12,995","60,456",2.4,13.4,"68,501","16,861","51,640",3.1,12.5,"4,950",0.9,25.0,"1,281","1,291","9,475"
k) 26+,"21,193","34,059","710,985","724,213","1,369",4.0,"2,061",6.0,"74,331","23,906","50,425",3.3,10.3,"100,786","29,176","71,610",4.0,13.9,"-26,455",-3.6,20.6,"1,011","1,016","9,632"
l) Left Censored,"17,830","71,940","2,606,901","2,620,173","4,164",5.8,"4,654",6.5,"259,508","75,893","183,615",2.9,9.9,"286,052","64,692","221,360",2.5,10.9,"-26,544",-1.0,19.8,647,675,"7,774"
m) ALL,"337,110","423,705","6,416,235","6,433,547","50,626",11.9,"53,669",12.6,"978,371","398,620","579,751",6.2,15.2,"1,012,987","338,900","674,087",5.3,15.7,"-34,616",-0.5,30.4,"35,931","35,996","198,901"
,,2011,,,,,,,,,,,,,,,,,,,,,,
Firm Age,Firms,Estabs,Emp,Denom,Estabs_Entry,Estabs_Entry_Rate,Estabs_Exit,Estabs_Exit_Rate,Job_Creation,Job_Creation_Births,Job_Creation_Continuers,Job_Creation_Rate_Births,Job_Creation_Rate,Job_Destruction,Job_Destruction_Deaths,Job_Destruction_Continuers,Job_Destruction_Rate_Deaths,Job_Destruction_Rate,Net_Job_Creation,Net_Job_Creation_Rate,Reallocation_Rate,Firmdeath_Firms,Firmdeath_Estabs,Firmdeath_Emp
a) 0,"35,655","36,046","194,813","98,104","35,545",197.2,0,0.0,"193,419","193,419",0,197.2,197.2,0,0,0,0.0,0.0,"193,419",197.2,0.0,,,
b) 1,"24,686","25,150","173,343","188,725",89,0.3,"9,451",31.7,"40,105","4,373","35,732",2.3,21.3,"70,869","38,530","32,339",20.4,37.6,"-30,764",-16.3,42.6,"6,985","6,985","30,820"
c) 2,"20,659","20,946","137,806","155,701",909,4.0,"5,083",22.2,"25,516","3,010","22,506",1.9,16.4,"61,306","34,472","26,834",22.1,39.4,"-35,790",-23.0,32.8,"3,863","3,863","30,386"
d) 3,"20,148","20,496","129,363","137,839","1,091",5.0,"4,336",19.7,"22,470","4,454","18,016",3.2,16.3,"39,421","25,429","13,992",18.4,28.6,"-16,951",-12.3,32.6,"3,219","3,221","17,812"
e) 4,"18,762","19,228","132,287","141,182","1,053",5.2,"3,763",18.4,"19,655","3,223","16,432",2.3,13.9,"37,444","23,415","14,029",16.6,26.5,"-17,789",-12.6,27.8,"2,736","2,736","10,425"
f) 5,"18,055","18,627","143,391","141,361","1,004",5.1,"3,400",17.3,"29,552","3,195","26,357",2.3,20.9,"25,491","12,963","12,528",9.2,18.0,"4,061",2.9,36.0,"2,412","2,412","10,150"
g) 6 to 10,"67,433","70,555","617,785","633,371","3,353",4.6,"10,498",14.3,"94,815","15,492","79,323",2.4,15.0,"125,986","54,527","71,459",8.6,19.9,"-31,171",-4.9,30.0,"7,239","7,244","38,088"
h) 11 to 15,"40,953","44,984","556,455","572,531","1,949",4.2,"4,879",10.6,"88,507","16,826","71,681",2.9,15.5,"120,659","46,195","74,464",8.1,21.1,"-32,152",-5.6,31.0,"3,204","3,205","23,210"
i) 16 to 20,"29,095","33,017","460,429","463,254","1,444",4.3,"3,110",9.2,"57,596","10,480","47,116",2.3,12.4,"63,246","18,723","44,523",4.0,13.7,"-5,650",-1.3,24.8,"1,988","2,006","13,307"
j) 21 to 25,"21,847","28,282","531,661","529,189","1,169",4.1,"2,275",7.9,"90,662","39,938","50,724",7.5,17.1,"85,717","43,312","42,405",8.2,16.2,"4,945",0.9,32.4,"1,276","1,293","35,150"
k) 26+,"23,796","37,595","801,681","800,889","1,517",4.0,"2,531",6.7,"93,669","35,068","58,601",4.4,11.7,"92,085","28,479","63,606",3.6,11.5,"1,584",0.2,23.0,"1,315","1,346","8,272"
l) Left Censored,"17,194","70,901","2,643,002","2,613,981","4,508",6.4,"4,174",5.9,"311,391","75,587","235,804",2.9,11.9,"253,351","68,656","184,695",2.6,9.7,"58,040",2.2,19.4,645,662,"7,014"
m) ALL,"338,283","425,827","6,522,016","6,476,127","53,631",12.7,"53,500",12.6,"1,067,357","405,065","662,292",6.3,16.5,"975,575","394,701","580,874",6.1,15.1,"91,782",1.4,30.2,"34,882","34,973","224,634"
,,2012,,,,,,,,,,,,,,,,,,,,,,
Firm Age,Firms,Estabs,Emp,Denom,Estabs_Entry,Estabs_Entry_Rate,Estabs_Exit,Estabs_Exit_Rate,Job_Creation,Job_Creation_Births,Job_Creation_Continuers,Job_Creation_Rate_Births,Job_Creation_Rate,Job_Destruction,Job_Destruction_Deaths,Job_Destruction_Continuers,Job_Destruction_Rate_Deaths,Job_Destruction_Rate,Net_Job_Creation,Net_Job_Creation_Rate,Reallocation_Rate,Firmdeath_Firms,Firmdeath_Estabs,Firmdeath_Emp
a) 0,"36,465","36,763","196,720","98,360","36,763",200.0,0,0.0,"196,720","196,720",0,200.0,200.0,0,0,0,0.0,0.0,"196,720",200.0,0.0,16,66,0
b) 1,"26,961","27,455","178,774","183,144",174,0.5,"8,726",27.5,"49,304","3,239","46,065",1.8,26.9,"58,044","36,101","21,943",19.7,31.7,"-8,740",-4.8,53.8,"7,127","7,214","31,759"
c) 2,"21,622","22,126","161,538","165,941","1,502",6.4,"4,458",18.9,"34,106","6,393","27,713",3.9,20.6,"42,911","26,526","16,385",16.0,25.9,"-8,805",-5.3,41.2,"3,715","3,807","25,578"
d) 3,"18,669","19,049","130,115","133,305","1,188",5.9,"3,146",15.7,"26,127","5,622","20,505",4.2,19.6,"32,507","16,636","15,871",12.5,24.4,"-6,380",-4.8,39.2,"2,592","2,684","15,144"
e) 4,"18,478","19,007","130,689","130,787","1,267",6.4,"2,915",14.7,"28,276","8,123","20,153",6.2,21.6,"28,471","14,684","13,787",11.2,21.8,-195,-0.2,43.2,"2,402","2,557","15,439"
f) 5,"17,277","17,615","134,067","132,610","1,168",6.4,"2,648",14.4,"29,228","3,908","25,320",2.9,22.0,"26,313","14,642","11,671",11.0,19.8,"2,915",2.2,39.6,"2,033","2,036","10,937"
g) 6 to 10,"70,964","73,777","643,452","650,462","4,945",6.5,"9,223",12.1,"124,252","20,821","103,431",3.2,19.1,"138,272","72,666","65,606",11.2,21.3,"-14,020",-2.2,38.2,"6,785","6,859","61,582"
h) 11 to 15,"42,179","45,687","510,950","519,426","2,559",5.5,"4,553",9.8,"71,678","17,662","54,016",3.4,13.8,"88,630","44,180","44,450",8.5,17.1,"-16,952",-3.3,27.6,"3,150","3,224","38,218"
i) 16 to 20,"29,645","33,479","578,810","544,850","1,705",5.0,"2,758",8.1,"124,330","12,812","111,518",2.4,22.8,"56,409","20,593","35,816",3.8,10.4,"67,921",12.4,20.8,"1,941","1,992","13,847"
j) 21 to 25,"22,341","28,099","513,853","504,399","1,380",4.8,"2,154",7.6,"79,139","38,191","40,948",7.6,15.7,"60,230","15,935","44,295",3.2,11.9,"18,909",3.8,23.8,"1,283","1,342","9,650"
k) 26+,"26,875","42,106","903,754","907,329","2,319",5.5,"2,994",7.1,"106,485","26,872","79,613",3.0,11.7,"113,635","35,009","78,626",3.9,12.5,"-7,150",-0.8,23.4,"1,513","1,726","20,521"
l) Left Censored,"16,965","71,789","2,652,359","2,644,090","5,083",7.1,"3,938",5.5,"296,363","88,510","207,853",3.3,11.2,"279,825","85,134","194,691",3.2,10.6,"16,538",0.6,21.2,738,924,"11,850"
m) ALL,"348,441","436,952","6,735,081","6,614,703","60,053",13.9,"47,513",11.0,"1,166,008","428,873","737,135",6.5,17.6,"925,247","382,106","543,141",5.8,14.0,"240,761",3.6,28.0,"33,295","34,431","254,525"
