State,Year,Percent of population in the Civilian Labor Force,Percent of population employed in Civilian Labor Force
Alabama,1976,56.6,53
Alaska,1976,68.3,63.1
Arizona,1976,59.5,53.6
Arkansas,1976,57.7,53.8
California,1976,62.5,56.7
Colorado,1976,67.1,63
Connecticut,1976,64.4,58.5
Delaware,1976,62.7,57.6
Florida,1976,55.5,50.4
Georgia,1976,63.8,58.6
Hawaii,1976,69.3,62.9
Idaho,1976,63.1,59.7
Illinois,1976,62.9,58.7
Indiana,1976,63.8,59.9
Iowa,1976,64.3,61.7
Kansas,1976,65.3,62.5
Kentucky,1976,60.3,56.9
Louisiana,1976,56.4,52.7
Maine,1976,61.6,56.4
Maryland,1976,64.4,60.1
Massachusetts,1976,64.7,58.4
Michigan,1976,61.6,55.8
Minnesota,1976,66.1,62.2
Mississippi,1976,58.5,54.6
Missouri,1976,61,57.2
Montana,1976,62,58.4
Nebraska,1976,64.7,62.6
Nevada,1976,70.9,64.6
New Hampshire,1976,66,61.6
New Jersey,1976,61.5,55.1
New Mexico,1976,60.1,54.8
New York,1976,58.2,52.2
North Carolina,1976,66.3,62.1
North Dakota,1976,62.3,60
Ohio,1976,61.7,57
Oklahoma,1976,59,55.6
Oregon,1976,63,57.2
Pennsylvania,1976,58.3,53.6
Rhode Island,1976,63.4,58.3
South Carolina,1976,64,59.5
South Dakota,1976,64.2,62
Tennessee,1976,59.8,56.1
Texas,1976,63.7,60
Utah,1976,62.9,59.3
Vermont,1976,63.7,58.2
Virginia,1976,65.5,61.6
Washington,1976,61.6,56.2
West Virginia,1976,51.1,47.3
Wisconsin,1976,65.5,61.9
Wyoming,1976,65.3,62.7
Alabama,1977,58.2,54.3
Alaska,1977,69.9,63.1
Arizona,1977,60.4,55.3
Arkansas,1977,58.7,55
California,1977,63.8,58.5
Colorado,1977,67.8,63.4
Connecticut,1977,64.9,60.3
Delaware,1977,62.6,57.7
Florida,1977,55.8,51.1
Georgia,1977,63.9,59.4
Hawaii,1977,68.7,63.4
Idaho,1977,64.8,61.2
Illinois,1977,63.7,59.8
Indiana,1977,64.5,60.8
Iowa,1977,65.5,63
Kansas,1977,66.4,63.7
Kentucky,1977,60.5,57.5
Louisiana,1977,57.6,53.6
Maine,1977,61,55.9
Maryland,1977,65.1,61.1
Massachusetts,1977,64.9,59.7
Michigan,1977,62.8,57.6
Minnesota,1977,67.1,63.5
Mississippi,1977,59.1,54.6
Missouri,1977,62.3,58.6
Montana,1977,62.5,58.8
Nebraska,1977,66.5,64.2
Nevada,1977,71.3,66.5
New Hampshire,1977,67,63.2
New Jersey,1977,62.2,56.4
New Mexico,1977,60.8,56.1
New York,1977,58.4,53
North Carolina,1977,66.7,62.8
North Dakota,1977,63.8,60.9
Ohio,1977,61.7,57.8
Oklahoma,1977,59.8,56.8
Oregon,1977,64,59.2
Pennsylvania,1977,58.7,54.1
Rhode Island,1977,63.4,58.5
South Carolina,1977,63.6,59.3
South Dakota,1977,65.2,63
Tennessee,1977,60.8,57
Texas,1977,64.5,61
Utah,1977,63.5,60.2
Vermont,1977,65,60.3
Virginia,1977,65.5,61.9
Washington,1977,62.4,57.2
West Virginia,1977,51.5,48.1
Wisconsin,1977,66.1,62.8
Wyoming,1977,67.6,65.3
Alabama,1978,59.1,55.5
Alaska,1978,70.9,63.4
Arizona,1978,59.9,56.3
Arkansas,1978,58.7,55.1
California,1978,65.1,60.5
Colorado,1978,68.1,64.4
Connecticut,1978,65.3,61.9
Delaware,1978,63.2,58.6
Florida,1978,57.1,53.2
Georgia,1978,64.6,60.9
Hawaii,1978,67.7,63.2
Idaho,1978,65.6,61.9
Illinois,1978,64.9,61
Indiana,1978,66,62.3
Iowa,1978,66.4,63.8
Kansas,1978,67.1,65
Kentucky,1978,61,57.8
Louisiana,1978,58.9,54.9
Maine,1978,60.5,56.7
Maryland,1978,66.7,62.9
Massachusetts,1978,65.4,61.3
Michigan,1978,63.8,59.3
Minnesota,1978,68,65.3
Mississippi,1978,58.9,54.7
Missouri,1978,62.8,59.7
Montana,1978,64.1,60.6
Nebraska,1978,67.3,65.3
Nevada,1978,70.8,67.4
New Hampshire,1978,67.4,64.9
New Jersey,1978,63,58.4
New Mexico,1978,61.3,57.4
New York,1978,59.2,54.6
North Carolina,1978,67.2,64.1
North Dakota,1978,64.5,61.8
Ohio,1978,62.4,59
Oklahoma,1978,60.1,58
Oregon,1978,64.9,60.9
Pennsylvania,1978,59.3,55.2
Rhode Island,1978,63.4,59.3
South Carolina,1978,62.9,59.4
South Dakota,1978,66.4,64.2
Tennessee,1978,61,57.3
Texas,1978,65.3,62.2
Utah,1978,63.4,60.9
Vermont,1978,66.3,62.7
Virginia,1978,66,62.5
Washington,1978,64,59.7
West Virginia,1978,52.5,49.4
Wisconsin,1978,67.2,64
Wyoming,1978,69,67
Alabama,1979,59.7,55.6
Alaska,1979,70.6,64.2
Arizona,1979,60.5,57.4
Arkansas,1979,59.3,55.7
California,1979,65.5,61.4
Colorado,1979,69.4,66.2
Connecticut,1979,66.3,62.9
Delaware,1979,63.9,59.3
Florida,1979,57,53.6
Georgia,1979,64.6,61.2
Hawaii,1979,66.9,63.1
Idaho,1979,66,62.2
Illinois,1979,65,61.4
Indiana,1979,66.5,62.2
Iowa,1979,66.7,63.8
Kansas,1979,67.9,65.7
Kentucky,1979,61.3,57.8
Louisiana,1979,59.2,55.4
Maine,1979,61.1,57.1
Maryland,1979,67.7,63.8
Massachusetts,1979,66,62.4
Michigan,1979,64.5,59.4
Minnesota,1979,69.1,66.1
Mississippi,1979,58.4,55.1
Missouri,1979,63.2,60.3
Montana,1979,65,61.5
Nebraska,1979,67.2,65.3
Nevada,1979,70.8,67.3
New Hampshire,1979,68,65.8
New Jersey,1979,64.3,59.9
New Mexico,1979,61.6,57.5
New York,1979,60.1,55.8
North Carolina,1979,67.1,63.8
North Dakota,1979,65,62.4
Ohio,1979,63.2,59.5
Oklahoma,1979,60.9,58.9
Oregon,1979,65.2,60.9
Pennsylvania,1979,59.8,55.7
Rhode Island,1979,64.8,60.7
South Carolina,1979,62.3,59.3
South Dakota,1979,67.2,64.9
Tennessee,1979,61.3,57.6
Texas,1979,65.7,62.8
Utah,1979,64.7,61.8
Vermont,1979,66.4,63.1
Virginia,1979,66.1,63
Washington,1979,65.4,61
West Virginia,1979,53.4,49.7
Wisconsin,1979,67.6,64.6
Wyoming,1979,69.9,68.1
Alabama,1980,59.4,54.4
Alaska,1980,71.4,64.7
Arizona,1980,61.7,57.6
Arkansas,1980,59.5,55
California,1980,65.5,61
Colorado,1980,70.6,66.4
Connecticut,1980,66.5,62.6
Delaware,1980,64.4,59.7
Florida,1980,56.4,52.9
Georgia,1980,64.5,60.5
Hawaii,1980,66.5,63.3
Idaho,1980,64.7,60.1
Illinois,1980,65.3,60
Indiana,1980,65.5,59.2
Iowa,1980,66.5,62.8
Kansas,1980,68.4,65.4
Kentucky,1980,62.6,57.5
Louisiana,1980,59.7,55.5
Maine,1980,61.3,56.7
Maryland,1980,68.1,63.6
Massachusetts,1980,66,62.2
Michigan,1980,63.9,56.2
Minnesota,1980,69.8,65.7
Mississippi,1980,59.4,54.8
Missouri,1980,63.1,58.5
Montana,1980,65,61
Nebraska,1980,66.8,64.2
Nevada,1980,71,66.4
New Hampshire,1980,68.3,65.2
New Jersey,1980,64.1,59.5
New Mexico,1980,61.1,56.4
New York,1980,59.9,55.4
North Carolina,1980,66.5,62.2
North Dakota,1980,65.9,62.6
Ohio,1980,63.4,58
Oklahoma,1980,62.3,59.5
Oregon,1980,65.7,60.2
Pennsylvania,1980,60,55.2
Rhode Island,1980,65.3,60.7
South Carolina,1980,62.8,58.6
South Dakota,1980,67.4,64.2
Tennessee,1980,60.9,56.5
Texas,1980,66.2,62.8
Utah,1980,65.5,61.3
Vermont,1980,66.3,62.1
Virginia,1980,66.3,62.8
Washington,1980,64.5,59.4
West Virginia,1980,53.8,48.6
Wisconsin,1980,68,63
Wyoming,1980,70.5,67.8
Alabama,1981,58.3,52.6
Alaska,1981,72.8,66.2
Arizona,1981,62,58.2
Arkansas,1981,60.5,55.3
California,1981,65.5,60.6
Colorado,1981,70.7,66.8
Connecticut,1981,66.8,62.8
Delaware,1981,64.9,59.9
Florida,1981,57.2,53.3
Georgia,1981,64.3,60.1
Hawaii,1981,66.9,63.4
Idaho,1981,64.3,59.4
Illinois,1981,65.6,60
Indiana,1981,64.9,58.6
Iowa,1981,66,61.4
Kansas,1981,68,65.1
Kentucky,1981,62.1,56.7
Louisiana,1981,60.8,55.7
Maine,1981,61.4,57
Maryland,1981,67.7,62.9
Massachusetts,1981,66.5,62.2
Michigan,1981,63.3,55.4
Minnesota,1981,70,66
Mississippi,1981,58.8,53.7
Missouri,1981,62.9,58.2
Montana,1981,65.8,61.3
Nebraska,1981,66.7,64
Nevada,1981,72.6,67.2
New Hampshire,1981,68.7,65.1
New Jersey,1981,63.8,59
New Mexico,1981,61.2,56.7
New York,1981,59.8,55.3
North Carolina,1981,66.6,62.2
North Dakota,1981,65.7,62.5
Ohio,1981,63.6,57.5
Oklahoma,1981,63,60.6
Oregon,1981,66.5,59.9
Pennsylvania,1981,60.2,55.1
Rhode Island,1981,65.9,60.7
South Carolina,1981,63.6,58.5
South Dakota,1981,67.1,63.9
Tennessee,1981,61.7,56
Texas,1981,67.1,63.5
Utah,1981,65.4,61.2
Vermont,1981,67.4,63.5
Virginia,1981,66.6,62.7
Washington,1981,63.9,57.9
West Virginia,1981,52.9,47.3
Wisconsin,1981,67.9,62.5
Wyoming,1981,71,68.1
Alabama,1982,58.9,51.2
Alaska,1982,73.6,66.4
Arizona,1982,63.5,57.1
Arkansas,1982,60.2,54.5
California,1982,65.9,59.3
Colorado,1982,71.4,65.9
Connecticut,1982,67.4,62.8
Delaware,1982,65,59.8
Florida,1982,57.9,53.1
Georgia,1982,64.3,59.4
Hawaii,1982,66.6,62.7
Idaho,1982,64.5,58.7
Illinois,1982,65.4,58
Indiana,1982,64.2,56.5
Iowa,1982,65.5,60.2
Kansas,1982,66.6,62.3
Kentucky,1982,62.5,55.8
Louisiana,1982,60.2,54.1
Maine,1982,61.7,56.6
Maryland,1982,67.6,62
Massachusetts,1982,66.7,61.4
Michigan,1982,63,53.2
Minnesota,1982,70.6,64.9
Mississippi,1982,59.2,52.4
Missouri,1982,63,57.2
Montana,1982,65.5,60.1
Nebraska,1982,67.2,63.4
Nevada,1982,72.9,65.7
New Hampshire,1982,69.1,64.3
New Jersey,1982,63.5,58
New Mexico,1982,61.2,55.7
New York,1982,59.3,54.2
North Carolina,1982,66.3,60
North Dakota,1982,66,62.2
Ohio,1982,64.1,56
Oklahoma,1982,63.6,59.7
Oregon,1982,66.2,58.5
Pennsylvania,1982,60.1,53.3
Rhode Island,1982,65.1,59
South Carolina,1982,65.2,58.2
South Dakota,1982,66.8,63.2
Tennessee,1982,61.6,54.4
Texas,1982,67.4,62.7
Utah,1982,66.2,60.7
Vermont,1982,68,63.1
Virginia,1982,66.3,61.4
Washington,1982,64.1,56.5
West Virginia,1982,52.7,45.2
Wisconsin,1982,68.2,61.2
Wyoming,1982,70.8,66.5
Alabama,1983,59.3,51.7
Alaska,1983,72.4,65.2
Arizona,1983,63.6,57.7
Arkansas,1983,60,54.1
California,1983,65.6,59.2
Colorado,1983,72,66.7
Connecticut,1983,67.4,63.4
Delaware,1983,65.4,60.4
Florida,1983,58.5,53.5
Georgia,1983,64.5,59.7
Hawaii,1983,66.7,62.8
Idaho,1983,65.3,59.6
Illinois,1983,65.2,57.6
Indiana,1983,63.7,56.6
Iowa,1983,65.8,60.3
Kansas,1983,66.5,62.5
Kentucky,1983,62.7,55.7
Louisiana,1983,60.4,53.3
Maine,1983,62.4,57.5
Maryland,1983,67.7,62.8
Massachusetts,1983,66.5,61.8
Michigan,1983,63.4,54.1
Minnesota,1983,70.8,65.1
Mississippi,1983,59.4,51.9
Missouri,1983,63.4,57.2
Montana,1983,65.9,60.2
Nebraska,1983,67,63.2
Nevada,1983,72.5,65.5
New Hampshire,1983,69.2,65.3
New Jersey,1983,63.8,58.7
New Mexico,1983,61.3,55.4
New York,1983,59.2,54.1
North Carolina,1983,65.4,59.6
North Dakota,1983,65.8,61.9
Ohio,1983,63.8,56
Oklahoma,1983,64.1,58.6
Oregon,1983,66.3,59
Pennsylvania,1983,60,53
Rhode Island,1983,64.9,59.4
South Carolina,1983,64.3,58.2
South Dakota,1983,66.5,63
Tennessee,1983,62.4,55.1
Texas,1983,67.7,62.3
Utah,1983,66.3,60.4
Vermont,1983,67.8,63.2
Virginia,1983,67,62.8
Washington,1983,64.7,57.6
West Virginia,1983,52.7,43.5
Wisconsin,1983,67.8,61.2
Wyoming,1983,71.1,65.2
Alabama,1984,59.7,53.7
Alaska,1984,72.9,65.8
Arizona,1984,63.4,60.2
Arkansas,1984,60.1,55.1
California,1984,65.9,60.8
Colorado,1984,72.4,68.6
Connecticut,1984,68.1,65
Delaware,1984,66.5,62.4
Florida,1984,59.5,55.6
Georgia,1984,65.6,61.6
Hawaii,1984,66.3,62.7
Idaho,1984,66.2,61.3
Illinois,1984,65.2,59.3
Indiana,1984,64.5,59.1
Iowa,1984,65.6,60.8
Kansas,1984,66.8,63.4
Kentucky,1984,62.2,56.6
Louisiana,1984,60.9,54.9
Maine,1984,63.5,59.7
Maryland,1984,68,64.5
Massachusetts,1984,67.2,64
Michigan,1984,64,56.7
Minnesota,1984,71.6,67.1
Mississippi,1984,59.3,52.9
Missouri,1984,63.7,59.2
Montana,1984,66.8,61.6
Nebraska,1984,67.1,64.1
Nevada,1984,72.5,66.9
New Hampshire,1984,71.1,68.1
New Jersey,1984,65,61
New Mexico,1984,62.1,57.2
New York,1984,59.6,55.4
North Carolina,1984,66.4,61.9
North Dakota,1984,66.2,62.6
Ohio,1984,63.6,57.6
Oklahoma,1984,64.2,59.7
Oregon,1984,65.9,59.8
Pennsylvania,1984,59.9,54.4
Rhode Island,1984,66.3,62.6
South Carolina,1984,63.3,59.1
South Dakota,1984,67.2,64.2
Tennessee,1984,63.1,57.2
Texas,1984,67.9,63.7
Utah,1984,67.2,62.8
Vermont,1984,68.5,65.2
Virginia,1984,67.7,64.2
Washington,1984,64.1,58.2
West Virginia,1984,51.7,44.1
Wisconsin,1984,67.2,62.3
Wyoming,1984,70.5,66
Alabama,1985,60,54.8
Alaska,1985,73,66
Arizona,1985,63.6,59.6
Arkansas,1985,60.5,55.4
California,1985,66,61.2
Colorado,1985,71.8,67.5
Connecticut,1985,68.9,65.8
Delaware,1985,66.7,63.3
Florida,1985,59.7,56
Georgia,1985,66.1,61.9
Hawaii,1985,66.2,62.9
Idaho,1985,66.5,61.2
Illinois,1985,65.6,59.6
Indiana,1985,65.5,60.4
Iowa,1985,66.5,61.2
Kansas,1985,68.2,64.7
Kentucky,1985,62.1,56.4
Louisiana,1985,62.2,55.1
Maine,1985,63.4,59.9
Maryland,1985,68,64.8
Massachusetts,1985,67.3,64.5
Michigan,1985,64.2,57.8
Minnesota,1985,71.8,67.5
Mississippi,1985,60.3,53.8
Missouri,1985,64.7,60.5
Montana,1985,66.5,61.3
Nebraska,1985,68.6,65.1
Nevada,1985,71.6,66.2
New Hampshire,1985,71.9,69.2
New Jersey,1985,65.4,61.8
New Mexico,1985,63.2,57.7
New York,1985,60.5,56.5
North Carolina,1985,66.5,62.6
North Dakota,1985,67.3,63.5
Ohio,1985,63.9,58.2
Oklahoma,1985,65.4,60.5
Oregon,1985,65.9,60.1
Pennsylvania,1985,60.3,55.5
Rhode Island,1985,66.6,63.6
South Carolina,1985,65.3,61
South Dakota,1985,68,64.8
Tennessee,1985,62.7,57.6
Texas,1985,68.5,63.8
Utah,1985,68.1,63.8
Vermont,1985,69.7,66.4
Virginia,1985,68.2,64.6
Washington,1985,64.5,59.1
West Virginia,1985,51.2,44.3
Wisconsin,1985,67.2,62.4
Wyoming,1985,70.7,65.6
Alabama,1986,61.3,55.7
Alaska,1986,72.7,64.7
Arizona,1986,64.6,60.2
Arkansas,1986,60.4,55.2
California,1986,66.5,62
Colorado,1986,71.3,65.9
Connecticut,1986,69.2,66.6
Delaware,1986,67.3,64.7
Florida,1986,60.7,57.1
Georgia,1986,66.8,62.9
Hawaii,1986,66.6,63.6
Idaho,1986,66.5,61.1
Illinois,1986,65.6,60.2
Indiana,1986,66,61.5
Iowa,1986,67.5,62.9
Kansas,1986,68.5,64.8
Kentucky,1986,62.2,56.5
Louisiana,1986,61.1,53.5
Maine,1986,64,60.6
Maryland,1986,69.2,66
Massachusetts,1986,67.5,64.8
Michigan,1986,64.3,58.6
Minnesota,1986,71.5,67.5
Mississippi,1986,62,54.5
Missouri,1986,65.5,61.4
Montana,1986,66.7,61.6
Nebraska,1986,69,65.6
Nevada,1986,72.5,67.7
New Hampshire,1986,72.1,70.3
New Jersey,1986,65.6,62.3
New Mexico,1986,63.2,57.4
New York,1986,61.4,57.6
North Carolina,1986,67.3,63.7
North Dakota,1986,67.9,64
Ohio,1986,64.4,59.1
Oklahoma,1986,64.7,59.2
Oregon,1986,66.3,61.1
Pennsylvania,1986,60.8,56.6
Rhode Island,1986,67.1,64.4
South Carolina,1986,65.8,61.8
South Dakota,1986,68.4,65.2
Tennessee,1986,63.1,58.2
Texas,1986,68.6,62.5
Utah,1986,69,64.8
Vermont,1986,70.9,67.7
Virginia,1986,68.3,64.9
Washington,1986,65.9,60.6
West Virginia,1986,51.1,45
Wisconsin,1986,68,63.3
Wyoming,1986,70,63.8
Alabama,1987,61,56.4
Alaska,1987,72.6,65.2
Arizona,1987,64.3,60.2
Arkansas,1987,61.3,56.3
California,1987,67,63.1
Colorado,1987,70.3,65.1
Connecticut,1987,69.4,67.2
Delaware,1987,68.2,66.1
Florida,1987,61.9,58.5
Georgia,1987,67.5,63.7
Hawaii,1987,67.1,64.7
Idaho,1987,66.2,61.3
Illinois,1987,66,61.1
Indiana,1987,66.1,62.1
Iowa,1987,68.2,64.3
Kansas,1987,68.8,65.4
Kentucky,1987,61.8,56.7
Louisiana,1987,60.9,53.8
Maine,1987,64.9,62.1
Maryland,1987,69.8,66.8
Massachusetts,1987,67.9,65.6
Michigan,1987,65,59.6
Minnesota,1987,71.9,68.2
Mississippi,1987,61.5,55.1
Missouri,1987,66,61.9
Montana,1987,66.9,62
Nebraska,1987,68.8,65.8
Nevada,1987,72.6,68.2
New Hampshire,1987,72.5,70.9
New Jersey,1987,66,63.3
New Mexico,1987,62.8,57.2
New York,1987,61.6,58.6
North Carolina,1987,68.1,65
North Dakota,1987,68,64.5
Ohio,1987,64.4,59.8
Oklahoma,1987,64.4,59.6
Oregon,1987,66.7,62.5
Pennsylvania,1987,60.8,57.4
Rhode Island,1987,67.5,65
South Carolina,1987,65.6,62.1
South Dakota,1987,68.7,65.7
Tennessee,1987,63.2,58.9
Texas,1987,69,63.2
Utah,1987,69.7,65.3
Vermont,1987,71.2,68.6
Virginia,1987,68.3,65.4
Washington,1987,66.5,61.7
West Virginia,1987,51.3,45.8
Wisconsin,1987,69,64.8
Wyoming,1987,69.2,63.5
Alabama,1988,61.2,57
Alaska,1988,72.5,66.2
Arizona,1988,64.8,60.7
Arkansas,1988,62.1,57.3
California,1988,67.4,63.8
Colorado,1988,69.9,65.4
Connecticut,1988,69.3,67.3
Delaware,1988,69.2,67.2
Florida,1988,62.6,59.3
Georgia,1988,68.3,64.6
Hawaii,1988,66.9,64.9
Idaho,1988,66.7,62.7
Illinois,1988,66.6,62.1
Indiana,1988,66.8,63.4
Iowa,1988,69.2,66
Kansas,1988,69,65.8
Kentucky,1988,61.8,57.1
Louisiana,1988,60.8,54.4
Maine,1988,64.8,62.5
Maryland,1988,70.1,67.2
Massachusetts,1988,68.4,66.2
Michigan,1988,65.4,60.5
Minnesota,1988,71.8,68.8
Mississippi,1988,60.9,55.6
Missouri,1988,66.1,62.4
Montana,1988,67.3,62.9
Nebraska,1988,69,66.6
Nevada,1988,72.6,68.7
New Hampshire,1988,72.6,70.9
New Jersey,1988,65.9,63.4
New Mexico,1988,62.9,58.2
New York,1988,62,59.3
North Carolina,1988,68.5,66
North Dakota,1988,68.1,64.9
Ohio,1988,64.6,60.7
Oklahoma,1988,64.1,59.9
Oregon,1988,67.3,63.4
Pennsylvania,1988,61.4,58.3
Rhode Island,1988,67.5,65.4
South Carolina,1988,65.5,62.4
South Dakota,1988,68.8,66
Tennessee,1988,62.7,59.1
Texas,1988,69.1,64
Utah,1988,69.8,66.3
Vermont,1988,70.5,68.4
Virginia,1988,68.4,65.7
Washington,1988,66.9,62.7
West Virginia,1988,51.8,46.8
Wisconsin,1988,69.3,66.4
Wyoming,1988,68.6,64.1
Alabama,1989,61.7,57.6
Alaska,1989,73.3,68.2
Arizona,1989,65.5,62
Arkansas,1989,62.8,58.4
California,1989,67.7,64.2
Colorado,1989,69.9,66
Connecticut,1989,70.4,67.9
Delaware,1989,70.3,68.1
Florida,1989,63,59.4
Georgia,1989,69,65.3
Hawaii,1989,66.8,65.2
Idaho,1989,67.2,63.6
Illinois,1989,68,63.9
Indiana,1989,67.7,64.5
Iowa,1989,69.6,66.5
Kansas,1989,69.2,66.2
Kentucky,1989,62.1,58.1
Louisiana,1989,59.9,55.3
Maine,1989,65.6,63
Maryland,1989,70.8,68.1
Massachusetts,1989,69.1,66.2
Michigan,1989,66.2,61.5
Minnesota,1989,72.6,69.4
Mississippi,1989,61.4,56.5
Missouri,1989,66.8,63.2
Montana,1989,67.8,63.7
Nebraska,1989,68.9,66.9
Nevada,1989,72.5,69
New Hampshire,1989,72.7,70.2
New Jersey,1989,66.3,63.6
New Mexico,1989,63.2,58.9
New York,1989,63.1,60
North Carolina,1989,69.1,66.6
North Dakota,1989,68.3,65.4
Ohio,1989,65.2,61.6
Oklahoma,1989,63.7,60.1
Oregon,1989,67.6,64
Pennsylvania,1989,62,59.1
Rhode Island,1989,67.8,65.1
South Carolina,1989,65.9,62.8
South Dakota,1989,69.1,66.4
Tennessee,1989,63,59.7
Texas,1989,69.2,64.5
Utah,1989,71.1,67.8
Vermont,1989,70.9,68.3
Virginia,1989,69,66.3
Washington,1989,68.4,64.4
West Virginia,1989,52.4,47.8
Wisconsin,1989,70.5,67.5
Wyoming,1989,68.9,64.5
Alabama,1990,61.9,58
Alaska,1990,72.6,67.5
Arizona,1990,64.4,61
Arkansas,1990,63.2,59
California,1990,67.1,63.3
Colorado,1990,71.1,67.4
Connecticut,1990,70.5,67
Delaware,1990,70.7,67.8
Florida,1990,63,59.1
Georgia,1990,67.7,64.2
Hawaii,1990,68.1,66.4
Idaho,1990,67.8,64.1
Illinois,1990,68.2,64
Indiana,1990,67.7,64.3
Iowa,1990,69.9,66.7
Kansas,1990,69.7,66.6
Kentucky,1990,62.4,58.6
Louisiana,1990,61.1,57.5
Maine,1990,67.2,63.6
Maryland,1990,70,66.8
Massachusetts,1990,68.5,64.1
Michigan,1990,65.9,60.8
Minnesota,1990,73.1,69.6
Mississippi,1990,62.1,57.3
Missouri,1990,67.5,63.6
Montana,1990,68.5,64.4
Nebraska,1990,70.3,68.6
Nevada,1990,69.8,66.3
New Hampshire,1990,73.1,69
New Jersey,1990,67.4,63.9
New Mexico,1990,63.7,59.3
New York,1990,62.6,59.2
North Carolina,1990,68.6,65.8
North Dakota,1990,68.8,66
Ohio,1990,65.5,61.7
Oklahoma,1990,64.8,61.1
Oregon,1990,68.7,64.9
Pennsylvania,1990,63.3,59.9
Rhode Island,1990,67.8,63.6
South Carolina,1990,65.9,62.7
South Dakota,1990,70,67.4
Tennessee,1990,63.8,60.3
Texas,1990,68.2,63.8
Utah,1990,70.8,67.6
Vermont,1990,72,68.5
Virginia,1990,69.2,66.1
Washington,1990,69,65.5
West Virginia,1990,54.1,49.4
Wisconsin,1990,70.7,67.6
Wyoming,1990,71.6,67.8
Alabama,1991,61.5,57.3
Alaska,1991,73.1,67
Arizona,1991,63.8,60.1
Arkansas,1991,62.5,58
California,1991,66.3,61.2
Colorado,1991,70.9,67
Connecticut,1991,71.1,66.5
Delaware,1991,69.7,65.7
Florida,1991,62.5,57.7
Georgia,1991,66.3,62.9
Hawaii,1991,68.1,66.2
Idaho,1991,67.4,63.4
Illinois,1991,67.6,62.6
Indiana,1991,66.4,62.7
Iowa,1991,70.2,66.9
Kansas,1991,70,66.8
Kentucky,1991,62.6,58
Louisiana,1991,62.1,57.8
Maine,1991,67.7,62.6
Maryland,1991,70.7,66.3
Massachusetts,1991,68.1,62.1
Michigan,1991,64.9,58.8
Minnesota,1991,73.4,69.5
Mississippi,1991,62.2,56.6
Missouri,1991,68,63.6
Montana,1991,68,63.7
Nebraska,1991,70.9,69
Nevada,1991,69.5,65.1
New Hampshire,1991,72.4,67.2
New Jersey,1991,66.7,62.2
New Mexico,1991,63.1,58.6
New York,1991,62.1,57.5
North Carolina,1991,68.2,64.1
North Dakota,1991,68.7,65.7
Ohio,1991,65.1,60.8
Oklahoma,1991,64.3,60.3
Oregon,1991,67.8,63.5
Pennsylvania,1991,63.1,58.7
Rhode Island,1991,67.1,61.6
South Carolina,1991,66.1,62.1
South Dakota,1991,70,67.5
Tennessee,1991,63.4,59.3
Texas,1991,68.3,63.6
Utah,1991,70.8,67.4
Vermont,1991,71.4,66.7
Virginia,1991,69.9,65.8
Washington,1991,67.6,63.4
West Virginia,1991,54.6,48.9
Wisconsin,1991,71,67.2
Wyoming,1991,70.5,66.9
Alabama,1992,61.7,57.4
Alaska,1992,73.2,66.6
Arizona,1992,64.1,59.4
Arkansas,1992,63.3,58.8
California,1992,66.4,60.2
Colorado,1992,70.8,66.6
Connecticut,1992,71.4,66.2
Delaware,1992,69.4,65.7
Florida,1992,62.6,57.4
Georgia,1992,67.1,62.6
Hawaii,1992,68.6,65.7
Idaho,1992,68.1,63.7
Illinois,1992,68,62.7
Indiana,1992,67.1,63
Iowa,1992,71,67.8
Kansas,1992,70.2,67
Kentucky,1992,62.4,58.1
Louisiana,1992,62.2,57.3
Maine,1992,67.7,62.8
Maryland,1992,71.1,66.4
Massachusetts,1992,67.9,61.9
Michigan,1992,65.4,59.4
Minnesota,1992,73.8,70
Mississippi,1992,62.1,56.9
Missouri,1992,67.9,63.8
Montana,1992,68.1,63.7
Nebraska,1992,70.9,68.8
Nevada,1992,69.5,64.7
New Hampshire,1992,72.4,66.9
New Jersey,1992,66.5,60.8
New Mexico,1992,63.2,58.4
New York,1992,61.9,56.5
North Carolina,1992,68.2,64
North Dakota,1992,68.7,65.4
Ohio,1992,65.6,60.8
Oklahoma,1992,63.9,59.9
Oregon,1992,68.1,63.2
Pennsylvania,1992,63.7,58.8
Rhode Island,1992,68,62
South Carolina,1992,66.4,62
South Dakota,1992,70.2,67.7
Tennessee,1992,64,59.8
Texas,1992,69,63.7
Utah,1992,71.1,67.6
Vermont,1992,71.8,67.2
Virginia,1992,70.1,65.8
Washington,1992,68.3,63.4
West Virginia,1992,54.9,48.7
Wisconsin,1992,71.5,67.9
Wyoming,1992,70.1,66.1
Alabama,1993,62,57.9
Alaska,1993,72.8,67.2
Arizona,1993,63.9,59.8
Arkansas,1993,63.4,59.6
California,1993,65.9,59.6
Colorado,1993,71.3,67.5
Connecticut,1993,70.4,65.9
Delaware,1993,69.2,65.7
Florida,1993,62.4,57.9
Georgia,1993,67,63
Hawaii,1993,68.4,65.4
Idaho,1993,68.5,64.3
Illinois,1993,68,63
Indiana,1993,67.9,64.5
Iowa,1993,72.1,69.1
Kansas,1993,70.5,66.9
Kentucky,1993,62.3,58.3
Louisiana,1993,59.8,55.3
Maine,1993,66.5,62.2
Maryland,1993,70.6,66.4
Massachusetts,1993,67.6,62.6
Michigan,1993,65.7,60.8
Minnesota,1993,74.1,70.5
Mississippi,1993,62.1,57.8
Missouri,1993,68.3,64.1
Montana,1993,67.5,63.4
Nebraska,1993,71.7,69.7
Nevada,1993,69.9,65.2
New Hampshire,1993,72.2,67.7
New Jersey,1993,65.8,60.8
New Mexico,1993,63.3,58.7
New York,1993,61.4,56.6
North Carolina,1993,67.3,63.9
North Dakota,1993,68.8,65.7
Ohio,1993,65.6,61.2
Oklahoma,1993,63.9,60.1
Oregon,1993,68.1,63.4
Pennsylvania,1993,63.5,59
Rhode Island,1993,67.5,62.2
South Carolina,1993,66.7,61.9
South Dakota,1993,70.4,67.9
Tennessee,1993,64.6,60.8
Texas,1993,69.2,64.3
Utah,1993,71.5,68.5
Vermont,1993,71.8,68
Virginia,1993,69.4,65.8
Washington,1993,68.1,63.2
West Virginia,1993,54.6,48.9
Wisconsin,1993,72.1,68.9
Wyoming,1993,70.1,66.2
Alabama,1994,62.5,59.1
Alaska,1994,73.5,68
Arizona,1994,65.5,61.5
Arkansas,1994,64.3,60.9
California,1994,65.8,60.2
Colorado,1994,72.7,69.6
Connecticut,1994,69.3,65.5
Delaware,1994,69.4,66.2
Florida,1994,62.6,58.5
Georgia,1994,67.4,64
Hawaii,1994,68.2,64.7
Idaho,1994,70.3,66.5
Illinois,1994,68.1,64.2
Indiana,1994,69.5,66.4
Iowa,1994,72.7,69.9
Kansas,1994,70.8,67.3
Kentucky,1994,62.6,59.1
Louisiana,1994,61,56.4
Maine,1994,66.2,61.9
Maryland,1994,70.7,67.1
Massachusetts,1994,67.6,63.4
Michigan,1994,66.5,62.4
Minnesota,1994,74.9,71.8
Mississippi,1994,62.9,58.7
Missouri,1994,68.8,65.4
Montana,1994,67.8,64.1
Nebraska,1994,73,71
Nevada,1994,70.3,66
New Hampshire,1994,72.1,68.6
New Jersey,1994,66,61.5
New Mexico,1994,63.4,59.2
New York,1994,61.2,57
North Carolina,1994,67,64
North Dakota,1994,71.7,69
Ohio,1994,66,62.3
Oklahoma,1994,63.9,60.4
Oregon,1994,68.2,64.5
Pennsylvania,1994,63.1,59.1
Rhode Island,1994,66,61.5
South Carolina,1994,66.3,62.3
South Dakota,1994,71.3,68.9
Tennessee,1994,66.1,62.7
Texas,1994,69.3,64.8
Utah,1994,72.4,69.7
Vermont,1994,71.4,68.1
Virginia,1994,69.7,66.4
Washington,1994,68,63.6
West Virginia,1994,54.5,49.8
Wisconsin,1994,73.4,70.3
Wyoming,1994,70.7,67.1
Alabama,1995,63.4,60.1
Alaska,1995,73.1,67.9
Arizona,1995,66.1,62.6
Arkansas,1995,64.3,61.2
California,1995,65.6,60.4
Colorado,1995,73.6,70.6
Connecticut,1995,68.6,65
Delaware,1995,68.9,65.9
Florida,1995,62.2,58.7
Georgia,1995,67.8,64.5
Hawaii,1995,67.9,64.2
Idaho,1995,69.9,66.2
Illinois,1995,68.3,64.8
Indiana,1995,70.2,67.2
Iowa,1995,72.8,70.2
Kansas,1995,70.6,67.5
Kentucky,1995,62.9,59.4
Louisiana,1995,61.1,57
Maine,1995,66.8,62.9
Maryland,1995,70.9,67.3
Massachusetts,1995,67.5,63.8
Michigan,1995,66.3,62.8
Minnesota,1995,75.3,72.5
Mississippi,1995,62.8,58.7
Missouri,1995,69.7,66.4
Montana,1995,67.4,63.7
Nebraska,1995,73.7,71.7
Nevada,1995,69.7,65.9
New Hampshire,1995,71.8,68.9
New Jersey,1995,66.4,62.1
New Mexico,1995,63.7,59.4
New York,1995,61.1,57.2
North Carolina,1995,66.9,64
North Dakota,1995,71.6,69.2
Ohio,1995,66.1,62.9
Oklahoma,1995,63.7,60.7
Oregon,1995,68,64.7
Pennsylvania,1995,62.9,59.2
Rhode Island,1995,64.9,60.9
South Carolina,1995,65.7,62.4
South Dakota,1995,71.8,69.5
Tennessee,1995,66.7,63.2
Texas,1995,69.3,65
Utah,1995,72.2,69.6
Vermont,1995,71.2,68.1
Virginia,1995,69.7,66.6
Washington,1995,68.3,64
West Virginia,1995,54.8,50.5
Wisconsin,1995,73.7,71
Wyoming,1995,70.6,67.2
Alabama,1996,63.5,60.7
Alaska,1996,73.4,67.9
Arizona,1996,65.6,61.9
Arkansas,1996,64.1,60.8
California,1996,65.8,61
Colorado,1996,73.3,70.2
Connecticut,1996,68.5,64.9
Delaware,1996,68.7,65.8
Florida,1996,62.2,58.9
Georgia,1996,68.2,65.1
Hawaii,1996,68,64
Idaho,1996,69.8,66.1
Illinois,1996,68.6,64.9
Indiana,1996,69.3,66.6
Iowa,1996,73.4,70.8
Kansas,1996,70.7,67.6
Kentucky,1996,63,59.5
Louisiana,1996,61.5,57.6
Maine,1996,67.7,64.1
Maryland,1996,71.3,67.8
Massachusetts,1996,67.6,64.5
Michigan,1996,66.4,63.1
Minnesota,1996,75.4,72.5
Mississippi,1996,62.5,58.6
Missouri,1996,70.1,66.8
Montana,1996,67,63.3
Nebraska,1996,73.9,71.9
Nevada,1996,69.5,65.9
New Hampshire,1996,71.7,69
New Jersey,1996,67,62.8
New Mexico,1996,63.4,58.7
New York,1996,61.7,57.8
North Carolina,1996,67.7,64.8
North Dakota,1996,71.4,69.1
Ohio,1996,66.4,63.1
Oklahoma,1996,63.7,61
Oregon,1996,68.6,64.7
Pennsylvania,1996,63.6,60.2
Rhode Island,1996,65.6,62.1
South Carolina,1996,66.4,62.6
South Dakota,1996,72,69.5
Tennessee,1996,66.5,62.9
Texas,1996,69.2,65.2
Utah,1996,71.6,69.1
Vermont,1996,71.4,68.3
Virginia,1996,67.3,64.4
Washington,1996,68.7,64.7
West Virginia,1996,55.3,51.2
Wisconsin,1996,73.9,71.2
Wyoming,1996,70.2,66.5
Alabama,1997,64.3,61.5
Alaska,1997,73.6,68.4
Arizona,1997,64.2,61.3
Arkansas,1997,63.2,60
California,1997,66.3,62
Colorado,1997,73.3,70.8
Connecticut,1997,68.6,65.3
Delaware,1997,68.6,65.9
Florida,1997,62.7,59.6
Georgia,1997,68.6,65.5
Hawaii,1997,67.7,63.8
Idaho,1997,70.1,66.5
Illinois,1997,68.7,65.4
Indiana,1997,69.1,66.8
Iowa,1997,72.9,70.6
Kansas,1997,70.7,68
Kentucky,1997,63.6,60.2
Louisiana,1997,61.8,58.3
Maine,1997,67.8,64.3
Maryland,1997,71.4,68
Massachusetts,1997,68.3,65.5
Michigan,1997,67,64.2
Minnesota,1997,75.2,72.7
Mississippi,1997,62.4,58.7
Missouri,1997,70.3,67.3
Montana,1997,67.1,63.5
Nebraska,1997,73.7,71.9
Nevada,1997,69.3,66.1
New Hampshire,1997,72.2,70
New Jersey,1997,67.6,64
New Mexico,1997,63.3,59.1
New York,1997,62.9,58.9
North Carolina,1997,68,65.3
North Dakota,1997,71.2,69.1
Ohio,1997,66.8,63.7
Oklahoma,1997,64.2,61.5
Oregon,1997,68.8,65
Pennsylvania,1997,64.6,61.3
Rhode Island,1997,67,63.5
South Carolina,1997,65.7,62.8
South Dakota,1997,72,69.8
Tennessee,1997,66.1,62.6
Texas,1997,69.2,65.5
Utah,1997,71.6,69.4
Vermont,1997,71.7,68.8
Virginia,1997,67.4,65
Washington,1997,69.4,66
West Virginia,1997,55.7,52
Wisconsin,1997,74.2,71.6
Wyoming,1997,70.1,66.7
Alabama,1998,64.1,61.6
Alaska,1998,73.4,68.9
Arizona,1998,64.7,61.9
Arkansas,1998,62.7,59.5
California,1998,66.6,62.6
Colorado,1998,74.2,71.5
Connecticut,1998,67.7,65.5
Delaware,1998,68.3,65.9
Florida,1998,62.8,60
Georgia,1998,68.8,66
Hawaii,1998,67.5,63.7
Idaho,1998,70.7,67.1
Illinois,1998,68.6,65.5
Indiana,1998,68.8,66.8
Iowa,1998,72.4,70.3
Kansas,1998,71,68.3
Kentucky,1998,63.3,60.4
Louisiana,1998,62.1,58.8
Maine,1998,67.4,64.3
Maryland,1998,70.9,67.9
Massachusetts,1998,68.4,66.1
Michigan,1998,67.4,64.7
Minnesota,1998,75.3,73.3
Mississippi,1998,62,58.6
Missouri,1998,69.9,67.1
Montana,1998,68.1,64.3
Nebraska,1998,74.1,72.2
Nevada,1998,69.5,66.4
New Hampshire,1998,72.8,70.7
New Jersey,1998,66.8,63.7
New Mexico,1998,63.5,59.5
New York,1998,63,59.4
North Carolina,1998,67.1,64.7
North Dakota,1998,71.3,69.2
Ohio,1998,66.9,64
Oklahoma,1998,64.7,61.9
Oregon,1998,68.9,65
Pennsylvania,1998,64.3,61.3
Rhode Island,1998,66.7,63.6
South Carolina,1998,65.1,62.8
South Dakota,1998,72.8,70.6
Tennessee,1998,65.8,62.8
Texas,1998,69,65.6
Utah,1998,72.3,69.6
Vermont,1998,71.6,69.4
Virginia,1998,67.4,65.4
Washington,1998,69.7,66.4
West Virginia,1998,56.3,52.6
Wisconsin,1998,73.9,71.5
Wyoming,1998,71,67.5
Alabama,1999,64.3,61.6
Alaska,1999,73.2,68.6
Arizona,1999,65.5,62.5
Arkansas,1999,62.6,59.8
California,1999,66.5,63
Colorado,1999,73.3,71.1
Connecticut,1999,67.5,65.7
Delaware,1999,68,65.8
Florida,1999,62.8,60.3
Georgia,1999,68.7,66.1
Hawaii,1999,67.4,64.1
Idaho,1999,69.9,66.5
Illinois,1999,69.1,66.1
Indiana,1999,68.6,66.7
Iowa,1999,72.1,70.2
Kansas,1999,70.8,68.3
Kentucky,1999,63.5,60.6
Louisiana,1999,61.6,58.7
Maine,1999,67.8,65.2
Maryland,1999,70.5,68
Massachusetts,1999,68.6,66.3
Michigan,1999,68.1,65.5
Minnesota,1999,75.1,73
Mississippi,1999,62,58.7
Missouri,1999,69.3,67.1
Montana,1999,68.3,64.7
Nebraska,1999,73.9,71.8
Nevada,1999,69.6,66.6
New Hampshire,1999,73.2,71.2
New Jersey,1999,67,64
New Mexico,1999,63.1,59.6
New York,1999,63.1,59.8
North Carolina,1999,67.1,64.9
North Dakota,1999,71.6,69.3
Ohio,1999,67.2,64.4
Oklahoma,1999,64.4,62.1
Oregon,1999,68.7,64.9
Pennsylvania,1999,64.2,61.4
Rhode Island,1999,67.1,64.3
South Carolina,1999,65.5,62.8
South Dakota,1999,73,71
Tennessee,1999,65.7,63
Texas,1999,68.7,65.4
Utah,1999,72.1,69.5
Vermont,1999,71.6,69.5
Virginia,1999,67.5,65.7
Washington,1999,69.5,66.2
West Virginia,1999,56.8,53.2
Wisconsin,1999,73.4,71.1
Wyoming,1999,71.5,68.1
Alabama,2000,63.8,61.2
Alaska,2000,73.1,68.6
Arizona,2000,65.1,62.5
Arkansas,2000,62.2,59.6
California,2000,67.1,63.8
Colorado,2000,72.4,70.5
Connecticut,2000,66.9,65.4
Delaware,2000,69.8,67.5
Florida,2000,63,60.6
Georgia,2000,69.6,67.2
Hawaii,2000,67.6,64.9
Idaho,2000,69.7,66.5
Illinois,2000,69.2,66.1
Indiana,2000,68.3,66.4
Iowa,2000,71.7,69.7
Kansas,2000,70.2,67.6
Kentucky,2000,63.2,60.5
Louisiana,2000,61.7,58.7
Maine,2000,67.6,65.4
Maryland,2000,70.4,67.9
Massachusetts,2000,68.3,66.4
Michigan,2000,68.4,65.9
Minnesota,2000,75.3,72.9
Mississippi,2000,62.7,59.1
Missouri,2000,70.2,67.9
Montana,2000,68.3,65
Nebraska,2000,74,71.9
Nevada,2000,69.8,66.7
New Hampshire,2000,73.1,71.1
New Jersey,2000,66.6,64.1
New Mexico,2000,63.5,60.4
New York,2000,63,60.2
North Carolina,2000,67.4,64.9
North Dakota,2000,71.3,69.2
Ohio,2000,67.3,64.6
Oklahoma,2000,64.4,62.4
Oregon,2000,68.5,65
Pennsylvania,2000,64.2,61.5
Rhode Island,2000,66.9,64.1
South Carolina,2000,65.7,63.3
South Dakota,2000,72.8,70.8
Tennessee,2000,65.9,63.2
Texas,2000,68.1,65.1
Utah,2000,71.8,69.4
Vermont,2000,70.9,68.9
Virginia,2000,67.6,66
Washington,2000,68.3,64.9
West Virginia,2000,56.6,53.5
Wisconsin,2000,73.3,70.8
Wyoming,2000,71.6,68.8
Alabama,2001,62.9,60
Alaska,2001,72.5,68.1
Arizona,2001,65.1,62.1
Arkansas,2001,61.4,58.5
California,2001,67.2,63.5
Colorado,2001,71.6,68.9
Connecticut,2001,67.2,65.1
Delaware,2001,69.2,66.8
Florida,2001,62.8,59.9
Georgia,2001,68.8,66.1
Hawaii,2001,67.8,65
Idaho,2001,69.9,66.5
Illinois,2001,68.7,65
Indiana,2001,68.1,65.2
Iowa,2001,72.4,70
Kansas,2001,69.9,66.9
Kentucky,2001,62.9,59.6
Louisiana,2001,61.6,58.3
Maine,2001,67.3,64.8
Maryland,2001,69.8,67
Massachusetts,2001,68.4,65.9
Michigan,2001,67.9,64.4
Minnesota,2001,75.8,72.9
Mississippi,2001,61.9,58.4
Missouri,2001,70.3,67.1
Montana,2001,67.7,64.6
Nebraska,2001,74,71.7
Nevada,2001,69.7,66
New Hampshire,2001,73,70.5
New Jersey,2001,66.3,63.5
New Mexico,2001,63.8,60.7
New York,2001,62.8,59.7
North Carolina,2001,67.1,63.4
North Dakota,2001,71.4,69.4
Ohio,2001,67.2,64.2
Oklahoma,2001,64.6,62.3
Oregon,2001,68.2,63.8
Pennsylvania,2001,64.8,61.7
Rhode Island,2001,66.6,63.5
South Carolina,2001,63.2,59.9
South Dakota,2001,73,70.7
Tennessee,2001,65.1,62
Texas,2001,67.9,64.5
Utah,2001,71.6,68.4
Vermont,2001,71.3,69
Virginia,2001,68,65.8
Washington,2001,67.3,63.2
West Virginia,2001,56.1,53.2
Wisconsin,2001,73.4,70.2
Wyoming,2001,72,69.2
Alabama,2002,61.9,58.6
Alaska,2002,72.6,67.5
Arizona,2002,65.8,61.8
Arkansas,2002,62,58.7
California,2002,67,62.5
Colorado,2002,71.7,67.6
Connecticut,2002,67.6,64.6
Delaware,2002,68.2,65.4
Florida,2002,62.5,59
Georgia,2002,68.4,65.1
Hawaii,2002,66.6,63.9
Idaho,2002,69.1,65.4
Illinois,2002,67.5,63.1
Indiana,2002,68,64.5
Iowa,2002,72.6,69.8
Kansas,2002,70.2,66.6
Kentucky,2002,62.3,58.7
Louisiana,2002,60.8,57.2
Maine,2002,67,64.1
Maryland,2002,69.7,66.6
Massachusetts,2002,68.4,64.8
Michigan,2002,66.1,62
Minnesota,2002,75.3,71.9
Mississippi,2002,61.7,57.5
Missouri,2002,69.3,65.7
Montana,2002,66.6,63.6
Nebraska,2002,73.7,70.9
Nevada,2002,69.2,65.2
New Hampshire,2002,72.6,69.3
New Jersey,2002,66.9,63
New Mexico,2002,63.5,60
New York,2002,63.1,59.2
North Carolina,2002,67,62.5
North Dakota,2002,71.4,68.8
Ohio,2002,67,63.2
Oklahoma,2002,64.5,61.4
Oregon,2002,67.8,62.6
Pennsylvania,2002,65,61.4
Rhode Island,2002,66.9,63.5
South Carolina,2002,62.7,58.9
South Dakota,2002,72.9,70.5
Tennessee,2002,64.5,61.1
Texas,2002,68.5,64.1
Utah,2002,71.4,67.3
Vermont,2002,71.5,68.6
Virginia,2002,68.7,65.8
Washington,2002,67.5,62.5
West Virginia,2002,55.7,52.4
Wisconsin,2002,72.4,68.6
Wyoming,2002,71.1,68.1
Alabama,2003,61.5,58.2
Alaska,2003,73.2,67.6
Arizona,2003,65.4,61.6
Arkansas,2003,61.4,57.8
California,2003,66.3,61.8
Colorado,2003,72.2,67.8
Connecticut,2003,67.7,64
Delaware,2003,67.7,64.8
Florida,2003,62,58.8
Georgia,2003,67.8,64.6
Hawaii,2003,66.8,64.2
Idaho,2003,68.4,64.8
Illinois,2003,66.7,62.2
Indiana,2003,67.5,64
Iowa,2003,71.4,68.2
Kansas,2003,70.8,66.9
Kentucky,2003,62.5,58.6
Louisiana,2003,60.9,57.1
Maine,2003,66.7,63.4
Maryland,2003,69,65.9
Massachusetts,2003,67.7,63.8
Michigan,2003,65.6,61
Minnesota,2003,74.9,71.3
Mississippi,2003,61.8,57.8
Missouri,2003,68.5,64.7
Montana,2003,66.4,63.6
Nebraska,2003,74.2,71.3
Nevada,2003,68.3,64.7
New Hampshire,2003,71.6,68.4
New Jersey,2003,66.4,62.5
New Mexico,2003,63.8,60
New York,2003,62.7,58.7
North Carolina,2003,66.8,62.4
North Dakota,2003,71.9,69.3
Ohio,2003,67,62.8
Oklahoma,2003,64.5,60.9
Oregon,2003,67.2,61.7
Pennsylvania,2003,64,60.3
Rhode Island,2003,67.5,63.9
South Carolina,2003,63.4,59.2
South Dakota,2003,73.4,70.8
Tennessee,2003,64.5,60.8
Texas,2003,68.3,63.7
Utah,2003,71.5,67.4
Vermont,2003,71.1,67.9
Virginia,2003,68.9,66.1
Washington,2003,67.5,62.5
West Virginia,2003,55.2,51.9
Wisconsin,2003,72.1,68
Wyoming,2003,71,67.8
Alabama,2004,61.4,58.3
Alaska,2004,72.2,66.8
Arizona,2004,64.8,61.6
Arkansas,2004,62,58.5
California,2004,65.8,61.7
Colorado,2004,72.6,68.5
Connecticut,2004,67.3,63.9
Delaware,2004,67.2,64.5
Florida,2004,61.9,59
Georgia,2004,67.7,64.5
Hawaii,2004,65.7,63.5
Idaho,2004,67.9,64.8
Illinois,2004,66.6,62.4
Indiana,2004,67.1,63.6
Iowa,2004,71.1,67.8
Kansas,2004,71.3,67.3
Kentucky,2004,61.8,58.4
Louisiana,2004,61.1,57.7
Maine,2004,66.2,63.1
Maryland,2004,68.6,65.6
Massachusetts,2004,67,63.5
Michigan,2004,65.4,60.8
Minnesota,2004,74.1,70.7
Mississippi,2004,61.6,57.7
Missouri,2004,68.1,64.2
Montana,2004,66.2,63.6
Nebraska,2004,74.2,71.3
Nevada,2004,67.2,64.2
New Hampshire,2004,71,68.3
New Jersey,2004,66,62.8
New Mexico,2004,63.8,60.1
New York,2004,62.7,59.1
North Carolina,2004,66.1,62.5
North Dakota,2004,71.9,69.4
Ohio,2004,66.7,62.6
Oklahoma,2004,64.1,60.9
Oregon,2004,66.5,61.6
Pennsylvania,2004,64.2,60.7
Rhode Island,2004,66.3,62.8
South Carolina,2004,63.8,59.4
South Dakota,2004,73.3,70.6
Tennessee,2004,64,60.5
Texas,2004,67.7,63.6
Utah,2004,71.8,68.1
Vermont,2004,70.6,68
Virginia,2004,68.7,66.2
Washington,2004,67.5,63.3
West Virginia,2004,55,52.1
Wisconsin,2004,71.1,67.5
Wyoming,2004,70.7,67.9
Alabama,2005,61.3,59
Alaska,2005,71.7,66.8
Arizona,2005,64,61
Arkansas,2005,63.4,60.2
California,2005,65.6,62
Colorado,2005,73,69.2
Connecticut,2005,67.5,64.2
Delaware,2005,67.3,64.7
Florida,2005,62.1,59.8
Georgia,2005,68.4,64.8
Hawaii,2005,65.9,64.1
Idaho,2005,68.4,65.8
Illinois,2005,66.6,62.8
Indiana,2005,67.4,63.8
Iowa,2005,71.5,68.5
Kansas,2005,70.9,67.3
Kentucky,2005,62.2,58.5
Louisiana,2005,63.1,58.8
Maine,2005,66.4,63.1
Maryland,2005,69.3,66.4
Massachusetts,2005,66.8,63.6
Michigan,2005,65.4,61
Minnesota,2005,73.2,70.2
Mississippi,2005,61.7,56.9
Missouri,2005,67.9,64.3
Montana,2005,66,63.6
Nebraska,2005,73.5,70.6
Nevada,2005,67.5,64.5
New Hampshire,2005,70.9,68.3
New Jersey,2005,66.4,63.5
New Mexico,2005,63.6,60.3
New York,2005,62.8,59.6
North Carolina,2005,66.2,62.8
North Dakota,2005,72.4,69.9
Ohio,2005,66.7,62.8
Oklahoma,2005,64.2,61.3
Oregon,2005,65.7,61.7
Pennsylvania,2005,64.6,61.4
Rhode Island,2005,67.1,63.7
South Carolina,2005,63.8,59.4
South Dakota,2005,72.9,70.2
Tennessee,2005,63.8,60.3
Texas,2005,67.1,63.5
Utah,2005,72.2,69.2
Vermont,2005,70.4,67.9
Virginia,2005,68.7,66.3
Washington,2005,67.6,63.9
West Virginia,2005,55.9,53.2
Wisconsin,2005,70.8,67.4
Wyoming,2005,71.3,68.7
Alabama,2006,61.7,59.6
Alaska,2006,71.2,66.5
Arizona,2006,63.9,61.3
Arkansas,2006,63.4,60.1
California,2006,65.5,62.3
Colorado,2006,73.3,70.2
Connecticut,2006,67.8,64.8
Delaware,2006,66.9,64.6
Florida,2006,62.7,60.6
Georgia,2006,68.3,65.1
Hawaii,2006,65.9,64.3
Idaho,2006,68.1,66.1
Illinois,2006,67.5,64.3
Indiana,2006,67.6,64.2
Iowa,2006,72.3,69.6
Kansas,2006,70.6,67.5
Kentucky,2006,62.4,58.7
Louisiana,2006,61.9,59.4
Maine,2006,66.5,63.4
Maryland,2006,70,67.4
Massachusetts,2006,67.1,63.9
Michigan,2006,65.3,60.8
Minnesota,2006,72.8,69.9
Mississippi,2006,59.9,55.8
Missouri,2006,67.7,64.4
Montana,2006,66.6,64.4
Nebraska,2006,72.9,70.7
Nevada,2006,67.8,64.9
New Hampshire,2006,71.2,68.6
New Jersey,2006,67.1,64
New Mexico,2006,63.2,60.7
New York,2006,62.9,60
North Carolina,2006,66.6,63.4
North Dakota,2006,73.1,70.7
Ohio,2006,66.9,63.2
Oklahoma,2006,64,61.3
Oregon,2006,65.8,62.3
Pennsylvania,2006,64.6,61.6
Rhode Island,2006,68.4,64.9
South Carolina,2006,63.7,59.6
South Dakota,2006,72.9,70.6
Tennessee,2006,64.1,60.8
Texas,2006,66.5,63.3
Utah,2006,72.2,70
Vermont,2006,71.4,68.7
Virginia,2006,68.8,66.7
Washington,2006,67.5,64.2
West Virginia,2006,56.5,54
Wisconsin,2006,71.2,67.8
Wyoming,2006,72.2,69.9
Alabama,2007,61.2,59.1
Alaska,2007,70.9,66.5
Arizona,2007,63.2,60.9
Arkansas,2007,62.9,59.6
California,2007,65.7,62.2
Colorado,2007,72.7,70
Connecticut,2007,68.2,65
Delaware,2007,66.3,64
Florida,2007,64.2,61.6
Georgia,2007,68,64.9
Hawaii,2007,65.8,64
Idaho,2007,67.4,65.4
Illinois,2007,68.4,64.9
Indiana,2007,66.8,63.7
Iowa,2007,72.3,69.5
Kansas,2007,70.2,67.3
Kentucky,2007,62.3,58.7
Louisiana,2007,61.1,58.8
Maine,2007,66.2,63
Maryland,2007,69.1,66.7
Massachusetts,2007,66.8,63.8
Michigan,2007,64.8,60.2
Minnesota,2007,72.3,69
Mississippi,2007,60,56.2
Missouri,2007,67.3,63.9
Montana,2007,67,64.7
Nebraska,2007,73.1,71
Nevada,2007,67.4,64.2
New Hampshire,2007,71,68.4
New Jersey,2007,66.7,63.8
New Mexico,2007,63.2,61
New York,2007,62.7,59.9
North Carolina,2007,65.4,62.3
North Dakota,2007,73.9,71.6
Ohio,2007,66.8,63
Oklahoma,2007,63.9,61.2
Oregon,2007,65.7,62.3
Pennsylvania,2007,64.4,61.6
Rhode Island,2007,68.6,65
South Carolina,2007,63.1,59.6
South Dakota,2007,72.7,70.6
Tennessee,2007,64,61
Texas,2007,65.6,62.8
Utah,2007,72.2,70.3
Vermont,2007,70.7,67.9
Virginia,2007,68.6,66.5
Washington,2007,67.7,64.6
West Virginia,2007,56,53.6
Wisconsin,2007,71.1,67.7
Wyoming,2007,72,70
Alabama,2008,60.2,57.2
Alaska,2008,70.9,66.4
Arizona,2008,63.6,59.8
Arkansas,2008,62.5,59.2
California,2008,66,61.2
Colorado,2008,72.5,69
Connecticut,2008,68.7,64.9
Delaware,2008,65.6,62.4
Florida,2008,63.7,59.7
Georgia,2008,67.3,63.1
Hawaii,2008,66,63.3
Idaho,2008,66.8,63.6
Illinois,2008,68,63.7
Indiana,2008,66.6,62.7
Iowa,2008,72.3,69.4
Kansas,2008,70.2,67.1
Kentucky,2008,61.7,57.7
Louisiana,2008,61.3,58.6
Maine,2008,66.2,62.6
Maryland,2008,69.4,66.4
Massachusetts,2008,66.8,63.2
Michigan,2008,63.8,58.6
Minnesota,2008,72.3,68.4
Mississippi,2008,59.5,55.5
Missouri,2008,66.7,62.7
Montana,2008,67.1,64.1
Nebraska,2008,73.5,71.1
Nevada,2008,68.3,63.5
New Hampshire,2008,70.7,67.9
New Jersey,2008,67.1,63.4
New Mexico,2008,63.2,60.3
New York,2008,63.1,59.7
North Carolina,2008,65.2,61
North Dakota,2008,74.2,71.9
Ohio,2008,66.5,62.2
Oklahoma,2008,63.5,61.1
Oregon,2008,65.8,61.5
Pennsylvania,2008,65.2,61.7
Rhode Island,2008,68.2,62.9
South Carolina,2008,62.3,58.1
South Dakota,2008,72.4,70.2
Tennessee,2008,63.4,59.2
Texas,2008,65.7,62.4
Utah,2008,71.2,68.8
Vermont,2008,70.9,67.7
Virginia,2008,69.8,67.1
Washington,2008,68.2,64.5
West Virginia,2008,55.5,53.1
Wisconsin,2008,70.4,67
Wyoming,2008,72.1,69.9
Alabama,2009,59.2,53.5
Alaska,2009,70,64.6
Arizona,2009,63.2,57
Arkansas,2009,61.3,56.7
California,2009,65.2,57.8
Colorado,2009,71.2,65.5
Connecticut,2009,69,63.4
Delaware,2009,64,59
Florida,2009,62.3,55.8
Georgia,2009,65.2,58.8
Hawaii,2009,64.9,60.4
Idaho,2009,65.4,60.5
Illinois,2009,66.8,60.1
Indiana,2009,65.3,58.5
Iowa,2009,71.8,67.3
Kansas,2009,70.8,65.8
Kentucky,2009,61.9,55.6
Louisiana,2009,60.6,56.5
Maine,2009,65.7,60.4
Maryland,2009,69.1,64
Massachusetts,2009,66.3,60.9
Michigan,2009,62.5,54.1
Minnesota,2009,72.3,66.5
Mississippi,2009,58.4,52.9
Missouri,2009,66.5,60.2
Montana,2009,64.6,60.7
Nebraska,2009,72.2,68.9
Nevada,2009,68.5,60.5
New Hampshire,2009,70.2,65.8
New Jersey,2009,67.2,61.1
New Mexico,2009,61.6,57.4
New York,2009,62.8,57.5
North Carolina,2009,64.4,57.7
North Dakota,2009,74,71
Ohio,2009,66,59.3
Oklahoma,2009,63.6,59.4
Oregon,2009,65.5,58.2
Pennsylvania,2009,64.5,59.3
Rhode Island,2009,67.3,59.9
South Carolina,2009,61.8,54.8
South Dakota,2009,71.8,68.1
Tennessee,2009,62.3,55.8
Texas,2009,66.2,61.2
Utah,2009,70,64.6
Vermont,2009,70.9,66
Virginia,2009,68.8,64
Washington,2009,68.1,61.7
West Virginia,2009,55.6,51.3
Wisconsin,2009,70.6,64.4
Wyoming,2009,71.8,67.3
Alabama,2010,59,53.6
Alaska,2010,69.8,64.3
Arizona,2010,63.4,56.8
Arkansas,2010,60.2,55.5
California,2010,64.3,56.3
Colorado,2010,70.4,64
Connecticut,2010,68.4,62.1
Delaware,2010,62.2,57.2
Florida,2010,61.3,54.4
Georgia,2010,64.4,57.8
Hawaii,2010,62.9,58.7
Idaho,2010,65.3,59.6
Illinois,2010,66.8,59.8
Indiana,2010,63.8,57.4
Iowa,2010,70.9,66.4
Kansas,2010,70,65
Kentucky,2010,61.8,55.4
Louisiana,2010,60.3,55.8
Maine,2010,65.4,60.1
Maryland,2010,68.5,63.1
Massachusetts,2010,66.1,60.7
Michigan,2010,61.4,53.6
Minnesota,2010,72,66.7
Mississippi,2010,58.8,52.6
Missouri,2010,65.6,59.4
Montana,2010,63.8,59.5
Nebraska,2010,71.4,68
Nevada,2010,67.5,58.2
New Hampshire,2010,70,65.7
New Jersey,2010,66.2,59.9
New Mexico,2010,59.6,54.9
New York,2010,62.4,57
North Carolina,2010,63.7,56.8
North Dakota,2010,72.5,69.7
Ohio,2010,65.1,58.6
Oklahoma,2010,62.7,58.4
Oregon,2010,64.9,57.9
Pennsylvania,2010,63.6,58.2
Rhode Island,2010,68,60
South Carolina,2010,60.8,54
South Dakota,2010,71.5,67.9
Tennessee,2010,62.6,56.4
Texas,2010,66.2,60.8
Utah,2010,69.1,63.5
Vermont,2010,70.8,66.2
Virginia,2010,67.4,62.6
Washington,2010,67,60.4
West Virginia,2010,54.7,50.1
Wisconsin,2010,69.5,63.6
Wyoming,2010,70.1,65.2
Alabama,2011,58.8,53.8
Alaska,2011,69,63.8
Arizona,2011,61.9,56.1
Arkansas,2011,60.1,55.3
California,2011,63.6,56.1
Colorado,2011,69.5,63.5
Connecticut,2011,67.4,61.4
Delaware,2011,61.5,57
Florida,2011,60.8,54.6
Georgia,2011,64.3,58
Hawaii,2011,62.4,58.3
Idaho,2011,64.9,59.5
Illinois,2011,66.1,59.7
Indiana,2011,63.4,57.8
Iowa,2011,70.1,66
Kansas,2011,69.2,64.7
Kentucky,2011,61.7,55.8
Louisiana,2011,59.4,55.1
Maine,2011,65.3,60.3
Maryland,2011,68,63.1
Massachusetts,2011,65.5,60.7
Michigan,2011,60.4,54.1
Minnesota,2011,71.5,66.9
Mississippi,2011,59.2,53
Missouri,2011,64.9,59.4
Montana,2011,63.6,59.4
Nebraska,2011,71.7,68.5
Nevada,2011,66.4,57.6
New Hampshire,2011,69.7,65.9
New Jersey,2011,65.5,59.4
New Mexico,2011,58.4,54
New York,2011,61.6,56.6
North Carolina,2011,62.9,56.5
North Dakota,2011,72.2,69.7
Ohio,2011,64.3,58.7
Oklahoma,2011,62,58.3
Oregon,2011,64.2,58
Pennsylvania,2011,63.2,58.2
Rhode Island,2011,66.8,59.3
South Carolina,2011,60.3,54.1
South Dakota,2011,71.2,67.8
Tennessee,2011,62.7,56.9
Texas,2011,65.9,60.7
Utah,2011,67.9,63.3
Vermont,2011,70.2,66.3
Virginia,2011,67.4,63.1
Washington,2011,65.4,59.4
West Virginia,2011,54.3,50
Wisconsin,2011,68.8,63.6
Wyoming,2011,69.3,65.1
Alabama,2012,57.7,53.6
Alaska,2012,68.4,63.6
Arizona,2012,60.5,55.5
Arkansas,2012,59.4,54.9
California,2012,63.1,56.5
Colorado,2012,68.8,63.4
Connecticut,2012,66.4,60.9
Delaware,2012,61.3,56.9
Florida,2012,60.6,55.3
Georgia,2012,63.8,58
Hawaii,2012,61.1,57.7
Idaho,2012,64.7,60
Illinois,2012,65.8,59.9
Indiana,2012,63,57.9
Iowa,2012,69.6,66
Kansas,2012,68.4,64.4
Kentucky,2012,61.3,56.2
Louisiana,2012,59.4,55.5
Maine,2012,65.3,60.6
Maryland,2012,68,63.3
Massachusetts,2012,65,60.6
Michigan,2012,60,54.5
Minnesota,2012,70.7,66.8
Mississippi,2012,58.2,52.9
Missouri,2012,64.2,59.7
Montana,2012,64,60.2
Nebraska,2012,72.2,69.3
Nevada,2012,64.9,57.5
New Hampshire,2012,69.6,65.8
New Jersey,2012,65.5,59.4
New Mexico,2012,58.2,54.1
New York,2012,61.8,56.6
North Carolina,2012,62.8,57
North Dakota,2012,72.5,70.4
Ohio,2012,63.6,58.9
Oklahoma,2012,62,58.7
Oregon,2012,62.9,57.3
Pennsylvania,2012,63.7,58.6
Rhode Island,2012,66.2,59.4
South Carolina,2012,59.7,54.4
South Dakota,2012,70.4,67.5
Tennessee,2012,61.7,56.7
Texas,2012,65.4,60.9
Utah,2012,67.9,64.2
Vermont,2012,69.5,66.2
Virginia,2012,66.8,62.9
Washington,2012,64.8,59.6
West Virginia,2012,54.2,50.3
Wisconsin,2012,68.3,63.5
Wyoming,2012,68.8,65.1
Alabama,2013,56.8,53.1
Alaska,2013,67.8,63.4
Arizona,2013,59.3,54.6
Arkansas,2013,58.3,53.9
California,2013,62.7,57
Colorado,2013,67.8,63.2
Connecticut,2013,65.1,60.1
Delaware,2013,60.8,56.7
Florida,2013,60.2,55.8
Georgia,2013,63,57.9
Hawaii,2013,60.6,57.7
Idaho,2013,64.1,60.1
Illinois,2013,65.4,59.4
Indiana,2013,62.8,58
Iowa,2013,69.5,66.3
Kansas,2013,67.9,64.3
Kentucky,2013,60.7,55.7
Louisiana,2013,59.6,55.9
Maine,2013,65.3,60.9
Maryland,2013,67.4,63
Massachusetts,2013,64.7,60.1
Michigan,2013,60.2,55
Minnesota,2013,70.4,66.8
Mississippi,2013,56.9,52
Missouri,2013,64.3,60.1
Montana,2013,64.1,60.5
Nebraska,2013,72,69.2
Nevada,2013,63.5,57.2
New Hampshire,2013,69.2,65.6
New Jersey,2013,64.7,59.4
New Mexico,2013,58.1,54.1
New York,2013,61.5,56.8
North Carolina,2013,61.9,56.9
North Dakota,2013,71.5,69.4
Ohio,2013,63.6,59
Oklahoma,2013,62.2,58.8
Oregon,2013,61.4,56.7
Pennsylvania,2013,63.5,58.8
Rhode Island,2013,65.6,59.3
South Carolina,2013,58.8,54.4
South Dakota,2013,69.9,67.2
Tennessee,2013,60.6,55.6
Texas,2013,65.2,61.1
Utah,2013,68.6,65.6
Vermont,2013,68.5,65.5
Virginia,2013,66.4,62.7
Washington,2013,63.6,59.1
West Virginia,2013,53.5,50.1
Wisconsin,2013,68.2,63.6
Wyoming,2013,68.1,64.9